USE [master]
GO
/****** Object:  Database [Consulting]    Script Date: 2016-10-21 4:40:59 PM ******/
CREATE DATABASE [Consulting]
GO
ALTER DATABASE [Consulting] SET COMPATIBILITY_LEVEL = 100
GO
ALTER DATABASE [Consulting] SET ANSI_NULL_DEFAULT OFF 
GO
ALTER DATABASE [Consulting] SET ANSI_NULLS OFF 
GO
ALTER DATABASE [Consulting] SET ANSI_PADDING OFF 
GO
ALTER DATABASE [Consulting] SET ANSI_WARNINGS OFF 
GO
ALTER DATABASE [Consulting] SET ARITHABORT OFF 
GO
ALTER DATABASE [Consulting] SET AUTO_CLOSE ON 
GO
ALTER DATABASE [Consulting] SET AUTO_SHRINK OFF 
GO
ALTER DATABASE [Consulting] SET AUTO_UPDATE_STATISTICS ON 
GO
ALTER DATABASE [Consulting] SET CURSOR_CLOSE_ON_COMMIT OFF 
GO
ALTER DATABASE [Consulting] SET CURSOR_DEFAULT  GLOBAL 
GO
ALTER DATABASE [Consulting] SET CONCAT_NULL_YIELDS_NULL OFF 
GO
ALTER DATABASE [Consulting] SET NUMERIC_ROUNDABORT OFF 
GO
ALTER DATABASE [Consulting] SET QUOTED_IDENTIFIER OFF 
GO
ALTER DATABASE [Consulting] SET RECURSIVE_TRIGGERS OFF 
GO
ALTER DATABASE [Consulting] SET  DISABLE_BROKER 
GO
ALTER DATABASE [Consulting] SET AUTO_UPDATE_STATISTICS_ASYNC OFF 
GO
ALTER DATABASE [Consulting] SET DATE_CORRELATION_OPTIMIZATION OFF 
GO
ALTER DATABASE [Consulting] SET TRUSTWORTHY OFF 
GO
ALTER DATABASE [Consulting] SET ALLOW_SNAPSHOT_ISOLATION OFF 
GO
ALTER DATABASE [Consulting] SET PARAMETERIZATION SIMPLE 
GO
ALTER DATABASE [Consulting] SET READ_COMMITTED_SNAPSHOT OFF 
GO
ALTER DATABASE [Consulting] SET HONOR_BROKER_PRIORITY OFF 
GO
ALTER DATABASE [Consulting] SET RECOVERY SIMPLE 
GO
ALTER DATABASE [Consulting] SET  MULTI_USER 
GO
ALTER DATABASE [Consulting] SET PAGE_VERIFY CHECKSUM  
GO
ALTER DATABASE [Consulting] SET DB_CHAINING OFF 
GO
ALTER DATABASE [Consulting] SET FILESTREAM( NON_TRANSACTED_ACCESS = OFF ) 
GO
ALTER DATABASE [Consulting] SET TARGET_RECOVERY_TIME = 0 SECONDS 
GO
USE [Consulting]
GO
/****** Object:  Table [dbo].[consultant]    Script Date: 2016-10-21 4:40:59 PM ******/
SET ANSI_NULLS ON
GO
SET QUOTED_IDENTIFIER ON
GO
CREATE TABLE [dbo].[consultant](
	[consultantId] [int] IDENTITY(1,1) NOT NULL,
	[firstName] [nvarchar](15) NOT NULL,
	[lastName] [nvarchar](15) NOT NULL,
	[dateHired] [datetime] NOT NULL,
	[hourlyRate] [float] NOT NULL,
	[gender] [nvarchar](1) NOT NULL,
	[partner] [bit] NOT NULL CONSTRAINT [DF__consultan__partn__0CBAE877]  DEFAULT ((0)),
	[category] [int] NOT NULL
) ON [PRIMARY]

GO
/****** Object:  Table [dbo].[contract]    Script Date: 2016-10-21 4:40:59 PM ******/
SET ANSI_NULLS ON
GO
SET QUOTED_IDENTIFIER ON
GO
SET ANSI_PADDING ON
GO
CREATE TABLE [dbo].[contract](
	[contractId] [int] IDENTITY(1,1) NOT NULL,
	[customerId] [int] NOT NULL,
	[name] [varchar](50) NOT NULL,
	[startDate] [date] NOT NULL,
	[daysDuration] [float] NOT NULL,
	[quotedPrice] [float] NOT NULL,
	[closed] [bit] NOT NULL CONSTRAINT [DF_contract_closed]  DEFAULT ((0)),
	[totalChargedToDate] [float] NOT NULL CONSTRAINT [DF_contract_totalChargedToDate]  DEFAULT ((0))
) ON [PRIMARY]

GO
SET ANSI_PADDING OFF
GO
/****** Object:  Table [dbo].[customer]    Script Date: 2016-10-21 4:40:59 PM ******/
SET ANSI_NULLS ON
GO
SET QUOTED_IDENTIFIER ON
GO
CREATE TABLE [dbo].[customer](
	[customerId] [int] IDENTITY(1,1) NOT NULL,
	[companyName] [nvarchar](50) NULL,
	[contactFirstName] [nvarchar](30) NULL,
	[contactLastName] [nvarchar](30) NULL,
	[address] [nvarchar](30) NULL,
	[city] [nvarchar](30) NULL,
	[provinceCode] [nvarchar](2) NULL,
	[postalCode] [nvarchar](6) NULL,
	[taxExempt] [bit] NOT NULL CONSTRAINT [DF__customer__taxExe__0425A276]  DEFAULT ((0)),
	[category] [int] NOT NULL
) ON [PRIMARY]

GO
/****** Object:  Table [dbo].[province]    Script Date: 2016-10-21 4:40:59 PM ******/
SET ANSI_NULLS ON
GO
SET QUOTED_IDENTIFIER ON
GO
CREATE TABLE [dbo].[province](
	[provinceCode] [nvarchar](2) NOT NULL,
	[name] [nvarchar](20) NOT NULL,
	[provincialTax] [float] NOT NULL
) ON [PRIMARY]

GO
/****** Object:  Table [dbo].[workSession]    Script Date: 2016-10-21 4:40:59 PM ******/
SET ANSI_NULLS ON
GO
SET QUOTED_IDENTIFIER ON
GO
CREATE TABLE [dbo].[workSession](
	[workSessionId] [int] IDENTITY(1,1) NOT NULL,
	[contractId] [int] NOT NULL,
	[dateWorked] [date] NOT NULL,
	[consultantId] [int] NOT NULL,
	[hoursWorked] [float] NOT NULL,
	[workDescription] [ntext] NULL,
	[hourlyRate] [float] NOT NULL,
	[provincialTax] [float] NOT NULL,
	[totalChargeBeforeTax] [float] NOT NULL
) ON [PRIMARY] TEXTIMAGE_ON [PRIMARY]

GO
SET IDENTITY_INSERT [dbo].[consultant] ON 

INSERT [dbo].[consultant] ([consultantId], [firstName], [lastName], [dateHired], [hourlyRate], [gender], [partner], [category]) VALUES (8, N'Greg', N'Doe', CAST(N'1977-01-01 00:00:00.000' AS DateTime), 120, N'M', 1, 3)
INSERT [dbo].[consultant] ([consultantId], [firstName], [lastName], [dateHired], [hourlyRate], [gender], [partner], [category]) VALUES (9, N'Sue', N'Smith', CAST(N'1984-11-03 00:00:00.000' AS DateTime), 80.5, N'F', 0, 2)
INSERT [dbo].[consultant] ([consultantId], [firstName], [lastName], [dateHired], [hourlyRate], [gender], [partner], [category]) VALUES (10, N'Kris', N'Higgins', CAST(N'1990-10-05 00:00:00.000' AS DateTime), 150, N'F', 1, 1)
INSERT [dbo].[consultant] ([consultantId], [firstName], [lastName], [dateHired], [hourlyRate], [gender], [partner], [category]) VALUES (11, N'David', N'Jones', CAST(N'1998-01-01 00:00:00.000' AS DateTime), 55, N'M', 0, 3)
INSERT [dbo].[consultant] ([consultantId], [firstName], [lastName], [dateHired], [hourlyRate], [gender], [partner], [category]) VALUES (13, N'Ken', N'Lewis', CAST(N'2000-01-13 00:00:00.000' AS DateTime), 80, N'F', 1, 2)
SET IDENTITY_INSERT [dbo].[consultant] OFF
SET IDENTITY_INSERT [dbo].[contract] ON 

INSERT [dbo].[contract] ([contractId], [customerId], [name], [startDate], [daysDuration], [quotedPrice], [closed], [totalChargedToDate]) VALUES (1, 2, N'Internet down', CAST(N'2014-03-02' AS Date), 1.5, 0, 0, 0)
INSERT [dbo].[contract] ([contractId], [customerId], [name], [startDate], [daysDuration], [quotedPrice], [closed], [totalChargedToDate]) VALUES (2, 2, N'install wireless bridge', CAST(N'2014-04-10' AS Date), 2, 1600, 0, 0)
INSERT [dbo].[contract] ([contractId], [customerId], [name], [startDate], [daysDuration], [quotedPrice], [closed], [totalChargedToDate]) VALUES (3, 1, N'rewire office', CAST(N'2014-06-07' AS Date), 6, 5000, 0, 0)
INSERT [dbo].[contract] ([contractId], [customerId], [name], [startDate], [daysDuration], [quotedPrice], [closed], [totalChargedToDate]) VALUES (4, 3, N'Midwife Timetable', CAST(N'2014-03-12' AS Date), 16, 6400, 1, 0)
SET IDENTITY_INSERT [dbo].[contract] OFF
SET IDENTITY_INSERT [dbo].[customer] ON 

INSERT [dbo].[customer] ([customerId], [companyName], [contactFirstName], [contactLastName], [address], [city], [provinceCode], [postalCode], [taxExempt], [category]) VALUES (1, N'ABC Flags', N'Bill', N'Smith', N'100 King St.', N'Muncton', N'NB', N'N3N3N3', 0, 2)
INSERT [dbo].[customer] ([customerId], [companyName], [contactFirstName], [contactLastName], [address], [city], [provinceCode], [postalCode], [taxExempt], [category]) VALUES (2, N'Conestoga Beans', N'Jeff', N'Jones', N'15 Mary Ave.', N'Conestoga', N'ON', N'L2N3L2', 0, 1)
INSERT [dbo].[customer] ([customerId], [companyName], [contactFirstName], [contactLastName], [address], [city], [provinceCode], [postalCode], [taxExempt], [category]) VALUES (3, N'Special Delivery', N'Karen', N'Know', N'Rue Champlain', N'Montreal', N'QC', N'K3L2L3', 1, 2)
INSERT [dbo].[customer] ([customerId], [companyName], [contactFirstName], [contactLastName], [address], [city], [provinceCode], [postalCode], [taxExempt], [category]) VALUES (4, N'Mp Sound Master', N'Fred', N'Simpson', N'647 Dundas St.', N'Kitchener', N'ON', N'D3L3K3', 0, 3)
SET IDENTITY_INSERT [dbo].[customer] OFF
INSERT [dbo].[province] ([provinceCode], [name], [provincialTax]) VALUES (N'BC', N'British Columbia', 0.05)
INSERT [dbo].[province] ([provinceCode], [name], [provincialTax]) VALUES (N'NB', N'New Brunswick', 0.12)
INSERT [dbo].[province] ([provinceCode], [name], [provincialTax]) VALUES (N'ON', N'Ontario', 0.13)
INSERT [dbo].[province] ([provinceCode], [name], [provincialTax]) VALUES (N'PE', N'Prince Edward I', 0.15)
INSERT [dbo].[province] ([provinceCode], [name], [provincialTax]) VALUES (N'QC', N'Quebec', 0.095)
SET IDENTITY_INSERT [dbo].[workSession] ON 

INSERT [dbo].[workSession] ([workSessionId], [contractId], [dateWorked], [consultantId], [hoursWorked], [workDescription], [hourlyRate], [provincialTax], [totalChargeBeforeTax]) VALUES (1, 1, CAST(N'2014-04-04' AS Date), 8, 8, N'initial planning', 120, 0, 0)
INSERT [dbo].[workSession] ([workSessionId], [contractId], [dateWorked], [consultantId], [hoursWorked], [workDescription], [hourlyRate], [provincialTax], [totalChargeBeforeTax]) VALUES (2, 1, CAST(N'2014-04-30' AS Date), 8, 6, N'analysis', 120, 0, 0)
INSERT [dbo].[workSession] ([workSessionId], [contractId], [dateWorked], [consultantId], [hoursWorked], [workDescription], [hourlyRate], [provincialTax], [totalChargeBeforeTax]) VALUES (3, 1, CAST(N'2014-05-01' AS Date), 8, 4, N'more analysis', 110, 0, 0)
INSERT [dbo].[workSession] ([workSessionId], [contractId], [dateWorked], [consultantId], [hoursWorked], [workDescription], [hourlyRate], [provincialTax], [totalChargeBeforeTax]) VALUES (4, 1, CAST(N'2014-05-02' AS Date), 8, 8, N'design', 110, 0, 0)
INSERT [dbo].[workSession] ([workSessionId], [contractId], [dateWorked], [consultantId], [hoursWorked], [workDescription], [hourlyRate], [provincialTax], [totalChargeBeforeTax]) VALUES (5, 1, CAST(N'2014-05-04' AS Date), 8, 8, N'coding', 120, 0, 0)
INSERT [dbo].[workSession] ([workSessionId], [contractId], [dateWorked], [consultantId], [hoursWorked], [workDescription], [hourlyRate], [provincialTax], [totalChargeBeforeTax]) VALUES (6, 2, CAST(N'2014-09-18' AS Date), 9, 8, N'network analysis', 80, 0, 0)
INSERT [dbo].[workSession] ([workSessionId], [contractId], [dateWorked], [consultantId], [hoursWorked], [workDescription], [hourlyRate], [provincialTax], [totalChargeBeforeTax]) VALUES (7, 2, CAST(N'2014-09-19' AS Date), 9, 2, N'backup implemented', 75, 0, 0)
SET IDENTITY_INSERT [dbo].[workSession] OFF
/****** Object:  Index [aaaaaconsultant_PK]    Script Date: 2016-10-21 4:40:59 PM ******/
ALTER TABLE [dbo].[consultant] ADD  CONSTRAINT [aaaaaconsultant_PK] PRIMARY KEY NONCLUSTERED 
(
	[consultantId] ASC
)WITH (PAD_INDEX = OFF, STATISTICS_NORECOMPUTE = OFF, SORT_IN_TEMPDB = OFF, IGNORE_DUP_KEY = OFF, ONLINE = OFF, ALLOW_ROW_LOCKS = ON, ALLOW_PAGE_LOCKS = ON) ON [PRIMARY]
GO
/****** Object:  Index [aaaaacontract_PK]    Script Date: 2016-10-21 4:40:59 PM ******/
ALTER TABLE [dbo].[contract] ADD  CONSTRAINT [aaaaacontract_PK] PRIMARY KEY NONCLUSTERED 
(
	[contractId] ASC
)WITH (PAD_INDEX = OFF, STATISTICS_NORECOMPUTE = OFF, SORT_IN_TEMPDB = OFF, IGNORE_DUP_KEY = OFF, ONLINE = OFF, ALLOW_ROW_LOCKS = ON, ALLOW_PAGE_LOCKS = ON) ON [PRIMARY]
GO
/****** Object:  Index [aaaaacustomer_PK]    Script Date: 2016-10-21 4:40:59 PM ******/
ALTER TABLE [dbo].[customer] ADD  CONSTRAINT [aaaaacustomer_PK] PRIMARY KEY NONCLUSTERED 
(
	[customerId] ASC
)WITH (PAD_INDEX = OFF, STATISTICS_NORECOMPUTE = OFF, SORT_IN_TEMPDB = OFF, IGNORE_DUP_KEY = OFF, ONLINE = OFF, ALLOW_ROW_LOCKS = ON, ALLOW_PAGE_LOCKS = ON) ON [PRIMARY]
GO
SET ANSI_PADDING ON

GO
/****** Object:  Index [aaaaaprovince_PK]    Script Date: 2016-10-21 4:40:59 PM ******/
ALTER TABLE [dbo].[province] ADD  CONSTRAINT [aaaaaprovince_PK] PRIMARY KEY NONCLUSTERED 
(
	[provinceCode] ASC
)WITH (PAD_INDEX = OFF, STATISTICS_NORECOMPUTE = OFF, SORT_IN_TEMPDB = OFF, IGNORE_DUP_KEY = OFF, ONLINE = OFF, ALLOW_ROW_LOCKS = ON, ALLOW_PAGE_LOCKS = ON) ON [PRIMARY]
GO
/****** Object:  Index [aaaaaworkSession_PK]    Script Date: 2016-10-21 4:40:59 PM ******/
ALTER TABLE [dbo].[workSession] ADD  CONSTRAINT [aaaaaworkSession_PK] PRIMARY KEY NONCLUSTERED 
(
	[workSessionId] ASC
)WITH (PAD_INDEX = OFF, STATISTICS_NORECOMPUTE = OFF, SORT_IN_TEMPDB = OFF, IGNORE_DUP_KEY = OFF, ONLINE = OFF, ALLOW_ROW_LOCKS = ON, ALLOW_PAGE_LOCKS = ON) ON [PRIMARY]
GO
ALTER TABLE [dbo].[contract]  WITH CHECK ADD  CONSTRAINT [contract_FK00] FOREIGN KEY([customerId])
REFERENCES [dbo].[customer] ([customerId])
GO
ALTER TABLE [dbo].[contract] CHECK CONSTRAINT [contract_FK00]
GO
ALTER TABLE [dbo].[customer]  WITH CHECK ADD  CONSTRAINT [customer_FK00] FOREIGN KEY([provinceCode])
REFERENCES [dbo].[province] ([provinceCode])
GO
ALTER TABLE [dbo].[customer] CHECK CONSTRAINT [customer_FK00]
GO
ALTER TABLE [dbo].[workSession]  WITH CHECK ADD  CONSTRAINT [workSession_FK00] FOREIGN KEY([consultantId])
REFERENCES [dbo].[consultant] ([consultantId])
GO
ALTER TABLE [dbo].[workSession] CHECK CONSTRAINT [workSession_FK00]
GO
ALTER TABLE [dbo].[workSession]  WITH CHECK ADD  CONSTRAINT [workSession_FK01] FOREIGN KEY([contractId])
REFERENCES [dbo].[contract] ([contractId])
GO
ALTER TABLE [dbo].[workSession] CHECK CONSTRAINT [workSession_FK01]
GO
EXEC sys.sp_addextendedproperty @name=N'AllowZeroLength', @value=N'False' , @level0type=N'SCHEMA',@level0name=N'dbo', @level1type=N'TABLE',@level1name=N'consultant', @level2type=N'COLUMN',@level2name=N'consultantId'
GO
EXEC sys.sp_addextendedproperty @name=N'AppendOnly', @value=N'False' , @level0type=N'SCHEMA',@level0name=N'dbo', @level1type=N'TABLE',@level1name=N'consultant', @level2type=N'COLUMN',@level2name=N'consultantId'
GO
EXEC sys.sp_addextendedproperty @name=N'Attributes', @value=N'17' , @level0type=N'SCHEMA',@level0name=N'dbo', @level1type=N'TABLE',@level1name=N'consultant', @level2type=N'COLUMN',@level2name=N'consultantId'
GO
EXEC sys.sp_addextendedproperty @name=N'CollatingOrder', @value=N'1033' , @level0type=N'SCHEMA',@level0name=N'dbo', @level1type=N'TABLE',@level1name=N'consultant', @level2type=N'COLUMN',@level2name=N'consultantId'
GO
EXEC sys.sp_addextendedproperty @name=N'ColumnHidden', @value=N'False' , @level0type=N'SCHEMA',@level0name=N'dbo', @level1type=N'TABLE',@level1name=N'consultant', @level2type=N'COLUMN',@level2name=N'consultantId'
GO
EXEC sys.sp_addextendedproperty @name=N'ColumnOrder', @value=N'0' , @level0type=N'SCHEMA',@level0name=N'dbo', @level1type=N'TABLE',@level1name=N'consultant', @level2type=N'COLUMN',@level2name=N'consultantId'
GO
EXEC sys.sp_addextendedproperty @name=N'ColumnWidth', @value=N'945' , @level0type=N'SCHEMA',@level0name=N'dbo', @level1type=N'TABLE',@level1name=N'consultant', @level2type=N'COLUMN',@level2name=N'consultantId'
GO
EXEC sys.sp_addextendedproperty @name=N'DataUpdatable', @value=N'False' , @level0type=N'SCHEMA',@level0name=N'dbo', @level1type=N'TABLE',@level1name=N'consultant', @level2type=N'COLUMN',@level2name=N'consultantId'
GO
EXEC sys.sp_addextendedproperty @name=N'MS_Caption', @value=N'Con ID' , @level0type=N'SCHEMA',@level0name=N'dbo', @level1type=N'TABLE',@level1name=N'consultant', @level2type=N'COLUMN',@level2name=N'consultantId'
GO
EXEC sys.sp_addextendedproperty @name=N'MS_Description', @value=N'Consultant ID' , @level0type=N'SCHEMA',@level0name=N'dbo', @level1type=N'TABLE',@level1name=N'consultant', @level2type=N'COLUMN',@level2name=N'consultantId'
GO
EXEC sys.sp_addextendedproperty @name=N'Name', @value=N'consultantId' , @level0type=N'SCHEMA',@level0name=N'dbo', @level1type=N'TABLE',@level1name=N'consultant', @level2type=N'COLUMN',@level2name=N'consultantId'
GO
EXEC sys.sp_addextendedproperty @name=N'OrdinalPosition', @value=N'1' , @level0type=N'SCHEMA',@level0name=N'dbo', @level1type=N'TABLE',@level1name=N'consultant', @level2type=N'COLUMN',@level2name=N'consultantId'
GO
EXEC sys.sp_addextendedproperty @name=N'Required', @value=N'False' , @level0type=N'SCHEMA',@level0name=N'dbo', @level1type=N'TABLE',@level1name=N'consultant', @level2type=N'COLUMN',@level2name=N'consultantId'
GO
EXEC sys.sp_addextendedproperty @name=N'Size', @value=N'4' , @level0type=N'SCHEMA',@level0name=N'dbo', @level1type=N'TABLE',@level1name=N'consultant', @level2type=N'COLUMN',@level2name=N'consultantId'
GO
EXEC sys.sp_addextendedproperty @name=N'SourceField', @value=N'consultantId' , @level0type=N'SCHEMA',@level0name=N'dbo', @level1type=N'TABLE',@level1name=N'consultant', @level2type=N'COLUMN',@level2name=N'consultantId'
GO
EXEC sys.sp_addextendedproperty @name=N'SourceTable', @value=N'consultant' , @level0type=N'SCHEMA',@level0name=N'dbo', @level1type=N'TABLE',@level1name=N'consultant', @level2type=N'COLUMN',@level2name=N'consultantId'
GO
EXEC sys.sp_addextendedproperty @name=N'Type', @value=N'4' , @level0type=N'SCHEMA',@level0name=N'dbo', @level1type=N'TABLE',@level1name=N'consultant', @level2type=N'COLUMN',@level2name=N'consultantId'
GO
EXEC sys.sp_addextendedproperty @name=N'AllowZeroLength', @value=N'False' , @level0type=N'SCHEMA',@level0name=N'dbo', @level1type=N'TABLE',@level1name=N'consultant', @level2type=N'COLUMN',@level2name=N'firstName'
GO
EXEC sys.sp_addextendedproperty @name=N'AppendOnly', @value=N'False' , @level0type=N'SCHEMA',@level0name=N'dbo', @level1type=N'TABLE',@level1name=N'consultant', @level2type=N'COLUMN',@level2name=N'firstName'
GO
EXEC sys.sp_addextendedproperty @name=N'Attributes', @value=N'2' , @level0type=N'SCHEMA',@level0name=N'dbo', @level1type=N'TABLE',@level1name=N'consultant', @level2type=N'COLUMN',@level2name=N'firstName'
GO
EXEC sys.sp_addextendedproperty @name=N'CollatingOrder', @value=N'1033' , @level0type=N'SCHEMA',@level0name=N'dbo', @level1type=N'TABLE',@level1name=N'consultant', @level2type=N'COLUMN',@level2name=N'firstName'
GO
EXEC sys.sp_addextendedproperty @name=N'ColumnHidden', @value=N'False' , @level0type=N'SCHEMA',@level0name=N'dbo', @level1type=N'TABLE',@level1name=N'consultant', @level2type=N'COLUMN',@level2name=N'firstName'
GO
EXEC sys.sp_addextendedproperty @name=N'ColumnOrder', @value=N'0' , @level0type=N'SCHEMA',@level0name=N'dbo', @level1type=N'TABLE',@level1name=N'consultant', @level2type=N'COLUMN',@level2name=N'firstName'
GO
EXEC sys.sp_addextendedproperty @name=N'ColumnWidth', @value=N'-1' , @level0type=N'SCHEMA',@level0name=N'dbo', @level1type=N'TABLE',@level1name=N'consultant', @level2type=N'COLUMN',@level2name=N'firstName'
GO
EXEC sys.sp_addextendedproperty @name=N'DataUpdatable', @value=N'False' , @level0type=N'SCHEMA',@level0name=N'dbo', @level1type=N'TABLE',@level1name=N'consultant', @level2type=N'COLUMN',@level2name=N'firstName'
GO
EXEC sys.sp_addextendedproperty @name=N'MS_Caption', @value=N'First Name' , @level0type=N'SCHEMA',@level0name=N'dbo', @level1type=N'TABLE',@level1name=N'consultant', @level2type=N'COLUMN',@level2name=N'firstName'
GO
EXEC sys.sp_addextendedproperty @name=N'MS_Description', @value=N'Consultant First Name' , @level0type=N'SCHEMA',@level0name=N'dbo', @level1type=N'TABLE',@level1name=N'consultant', @level2type=N'COLUMN',@level2name=N'firstName'
GO
EXEC sys.sp_addextendedproperty @name=N'MS_DisplayControl', @value=N'109' , @level0type=N'SCHEMA',@level0name=N'dbo', @level1type=N'TABLE',@level1name=N'consultant', @level2type=N'COLUMN',@level2name=N'firstName'
GO
EXEC sys.sp_addextendedproperty @name=N'MS_IMEMode', @value=N'0' , @level0type=N'SCHEMA',@level0name=N'dbo', @level1type=N'TABLE',@level1name=N'consultant', @level2type=N'COLUMN',@level2name=N'firstName'
GO
EXEC sys.sp_addextendedproperty @name=N'MS_IMESentMode', @value=N'3' , @level0type=N'SCHEMA',@level0name=N'dbo', @level1type=N'TABLE',@level1name=N'consultant', @level2type=N'COLUMN',@level2name=N'firstName'
GO
EXEC sys.sp_addextendedproperty @name=N'Name', @value=N'firstName' , @level0type=N'SCHEMA',@level0name=N'dbo', @level1type=N'TABLE',@level1name=N'consultant', @level2type=N'COLUMN',@level2name=N'firstName'
GO
EXEC sys.sp_addextendedproperty @name=N'OrdinalPosition', @value=N'2' , @level0type=N'SCHEMA',@level0name=N'dbo', @level1type=N'TABLE',@level1name=N'consultant', @level2type=N'COLUMN',@level2name=N'firstName'
GO
EXEC sys.sp_addextendedproperty @name=N'Required', @value=N'True' , @level0type=N'SCHEMA',@level0name=N'dbo', @level1type=N'TABLE',@level1name=N'consultant', @level2type=N'COLUMN',@level2name=N'firstName'
GO
EXEC sys.sp_addextendedproperty @name=N'Size', @value=N'15' , @level0type=N'SCHEMA',@level0name=N'dbo', @level1type=N'TABLE',@level1name=N'consultant', @level2type=N'COLUMN',@level2name=N'firstName'
GO
EXEC sys.sp_addextendedproperty @name=N'SourceField', @value=N'firstName' , @level0type=N'SCHEMA',@level0name=N'dbo', @level1type=N'TABLE',@level1name=N'consultant', @level2type=N'COLUMN',@level2name=N'firstName'
GO
EXEC sys.sp_addextendedproperty @name=N'SourceTable', @value=N'consultant' , @level0type=N'SCHEMA',@level0name=N'dbo', @level1type=N'TABLE',@level1name=N'consultant', @level2type=N'COLUMN',@level2name=N'firstName'
GO
EXEC sys.sp_addextendedproperty @name=N'Type', @value=N'10' , @level0type=N'SCHEMA',@level0name=N'dbo', @level1type=N'TABLE',@level1name=N'consultant', @level2type=N'COLUMN',@level2name=N'firstName'
GO
EXEC sys.sp_addextendedproperty @name=N'UnicodeCompression', @value=N'True' , @level0type=N'SCHEMA',@level0name=N'dbo', @level1type=N'TABLE',@level1name=N'consultant', @level2type=N'COLUMN',@level2name=N'firstName'
GO
EXEC sys.sp_addextendedproperty @name=N'AllowZeroLength', @value=N'False' , @level0type=N'SCHEMA',@level0name=N'dbo', @level1type=N'TABLE',@level1name=N'consultant', @level2type=N'COLUMN',@level2name=N'lastName'
GO
EXEC sys.sp_addextendedproperty @name=N'AppendOnly', @value=N'False' , @level0type=N'SCHEMA',@level0name=N'dbo', @level1type=N'TABLE',@level1name=N'consultant', @level2type=N'COLUMN',@level2name=N'lastName'
GO
EXEC sys.sp_addextendedproperty @name=N'Attributes', @value=N'2' , @level0type=N'SCHEMA',@level0name=N'dbo', @level1type=N'TABLE',@level1name=N'consultant', @level2type=N'COLUMN',@level2name=N'lastName'
GO
EXEC sys.sp_addextendedproperty @name=N'CollatingOrder', @value=N'1033' , @level0type=N'SCHEMA',@level0name=N'dbo', @level1type=N'TABLE',@level1name=N'consultant', @level2type=N'COLUMN',@level2name=N'lastName'
GO
EXEC sys.sp_addextendedproperty @name=N'ColumnHidden', @value=N'False' , @level0type=N'SCHEMA',@level0name=N'dbo', @level1type=N'TABLE',@level1name=N'consultant', @level2type=N'COLUMN',@level2name=N'lastName'
GO
EXEC sys.sp_addextendedproperty @name=N'ColumnOrder', @value=N'0' , @level0type=N'SCHEMA',@level0name=N'dbo', @level1type=N'TABLE',@level1name=N'consultant', @level2type=N'COLUMN',@level2name=N'lastName'
GO
EXEC sys.sp_addextendedproperty @name=N'ColumnWidth', @value=N'-1' , @level0type=N'SCHEMA',@level0name=N'dbo', @level1type=N'TABLE',@level1name=N'consultant', @level2type=N'COLUMN',@level2name=N'lastName'
GO
EXEC sys.sp_addextendedproperty @name=N'DataUpdatable', @value=N'False' , @level0type=N'SCHEMA',@level0name=N'dbo', @level1type=N'TABLE',@level1name=N'consultant', @level2type=N'COLUMN',@level2name=N'lastName'
GO
EXEC sys.sp_addextendedproperty @name=N'MS_Caption', @value=N'Surname' , @level0type=N'SCHEMA',@level0name=N'dbo', @level1type=N'TABLE',@level1name=N'consultant', @level2type=N'COLUMN',@level2name=N'lastName'
GO
EXEC sys.sp_addextendedproperty @name=N'MS_Description', @value=N'Consultant Last Name' , @level0type=N'SCHEMA',@level0name=N'dbo', @level1type=N'TABLE',@level1name=N'consultant', @level2type=N'COLUMN',@level2name=N'lastName'
GO
EXEC sys.sp_addextendedproperty @name=N'MS_DisplayControl', @value=N'109' , @level0type=N'SCHEMA',@level0name=N'dbo', @level1type=N'TABLE',@level1name=N'consultant', @level2type=N'COLUMN',@level2name=N'lastName'
GO
EXEC sys.sp_addextendedproperty @name=N'MS_IMEMode', @value=N'0' , @level0type=N'SCHEMA',@level0name=N'dbo', @level1type=N'TABLE',@level1name=N'consultant', @level2type=N'COLUMN',@level2name=N'lastName'
GO
EXEC sys.sp_addextendedproperty @name=N'MS_IMESentMode', @value=N'3' , @level0type=N'SCHEMA',@level0name=N'dbo', @level1type=N'TABLE',@level1name=N'consultant', @level2type=N'COLUMN',@level2name=N'lastName'
GO
EXEC sys.sp_addextendedproperty @name=N'Name', @value=N'lastName' , @level0type=N'SCHEMA',@level0name=N'dbo', @level1type=N'TABLE',@level1name=N'consultant', @level2type=N'COLUMN',@level2name=N'lastName'
GO
EXEC sys.sp_addextendedproperty @name=N'OrdinalPosition', @value=N'3' , @level0type=N'SCHEMA',@level0name=N'dbo', @level1type=N'TABLE',@level1name=N'consultant', @level2type=N'COLUMN',@level2name=N'lastName'
GO
EXEC sys.sp_addextendedproperty @name=N'Required', @value=N'True' , @level0type=N'SCHEMA',@level0name=N'dbo', @level1type=N'TABLE',@level1name=N'consultant', @level2type=N'COLUMN',@level2name=N'lastName'
GO
EXEC sys.sp_addextendedproperty @name=N'Size', @value=N'15' , @level0type=N'SCHEMA',@level0name=N'dbo', @level1type=N'TABLE',@level1name=N'consultant', @level2type=N'COLUMN',@level2name=N'lastName'
GO
EXEC sys.sp_addextendedproperty @name=N'SourceField', @value=N'lastName' , @level0type=N'SCHEMA',@level0name=N'dbo', @level1type=N'TABLE',@level1name=N'consultant', @level2type=N'COLUMN',@level2name=N'lastName'
GO
EXEC sys.sp_addextendedproperty @name=N'SourceTable', @value=N'consultant' , @level0type=N'SCHEMA',@level0name=N'dbo', @level1type=N'TABLE',@level1name=N'consultant', @level2type=N'COLUMN',@level2name=N'lastName'
GO
EXEC sys.sp_addextendedproperty @name=N'Type', @value=N'10' , @level0type=N'SCHEMA',@level0name=N'dbo', @level1type=N'TABLE',@level1name=N'consultant', @level2type=N'COLUMN',@level2name=N'lastName'
GO
EXEC sys.sp_addextendedproperty @name=N'UnicodeCompression', @value=N'True' , @level0type=N'SCHEMA',@level0name=N'dbo', @level1type=N'TABLE',@level1name=N'consultant', @level2type=N'COLUMN',@level2name=N'lastName'
GO
EXEC sys.sp_addextendedproperty @name=N'AllowZeroLength', @value=N'False' , @level0type=N'SCHEMA',@level0name=N'dbo', @level1type=N'TABLE',@level1name=N'consultant', @level2type=N'COLUMN',@level2name=N'dateHired'
GO
EXEC sys.sp_addextendedproperty @name=N'AppendOnly', @value=N'False' , @level0type=N'SCHEMA',@level0name=N'dbo', @level1type=N'TABLE',@level1name=N'consultant', @level2type=N'COLUMN',@level2name=N'dateHired'
GO
EXEC sys.sp_addextendedproperty @name=N'Attributes', @value=N'1' , @level0type=N'SCHEMA',@level0name=N'dbo', @level1type=N'TABLE',@level1name=N'consultant', @level2type=N'COLUMN',@level2name=N'dateHired'
GO
EXEC sys.sp_addextendedproperty @name=N'CollatingOrder', @value=N'1033' , @level0type=N'SCHEMA',@level0name=N'dbo', @level1type=N'TABLE',@level1name=N'consultant', @level2type=N'COLUMN',@level2name=N'dateHired'
GO
EXEC sys.sp_addextendedproperty @name=N'ColumnHidden', @value=N'False' , @level0type=N'SCHEMA',@level0name=N'dbo', @level1type=N'TABLE',@level1name=N'consultant', @level2type=N'COLUMN',@level2name=N'dateHired'
GO
EXEC sys.sp_addextendedproperty @name=N'ColumnOrder', @value=N'0' , @level0type=N'SCHEMA',@level0name=N'dbo', @level1type=N'TABLE',@level1name=N'consultant', @level2type=N'COLUMN',@level2name=N'dateHired'
GO
EXEC sys.sp_addextendedproperty @name=N'ColumnWidth', @value=N'-1' , @level0type=N'SCHEMA',@level0name=N'dbo', @level1type=N'TABLE',@level1name=N'consultant', @level2type=N'COLUMN',@level2name=N'dateHired'
GO
EXEC sys.sp_addextendedproperty @name=N'DataUpdatable', @value=N'False' , @level0type=N'SCHEMA',@level0name=N'dbo', @level1type=N'TABLE',@level1name=N'consultant', @level2type=N'COLUMN',@level2name=N'dateHired'
GO
EXEC sys.sp_addextendedproperty @name=N'DefaultValue', @value=N'=Date()' , @level0type=N'SCHEMA',@level0name=N'dbo', @level1type=N'TABLE',@level1name=N'consultant', @level2type=N'COLUMN',@level2name=N'dateHired'
GO
EXEC sys.sp_addextendedproperty @name=N'MS_Format', @value=N'Short Date' , @level0type=N'SCHEMA',@level0name=N'dbo', @level1type=N'TABLE',@level1name=N'consultant', @level2type=N'COLUMN',@level2name=N'dateHired'
GO
EXEC sys.sp_addextendedproperty @name=N'MS_IMEMode', @value=N'0' , @level0type=N'SCHEMA',@level0name=N'dbo', @level1type=N'TABLE',@level1name=N'consultant', @level2type=N'COLUMN',@level2name=N'dateHired'
GO
EXEC sys.sp_addextendedproperty @name=N'MS_IMESentMode', @value=N'3' , @level0type=N'SCHEMA',@level0name=N'dbo', @level1type=N'TABLE',@level1name=N'consultant', @level2type=N'COLUMN',@level2name=N'dateHired'
GO
EXEC sys.sp_addextendedproperty @name=N'MS_InputMask', @value=N'99/99/0000;0;_' , @level0type=N'SCHEMA',@level0name=N'dbo', @level1type=N'TABLE',@level1name=N'consultant', @level2type=N'COLUMN',@level2name=N'dateHired'
GO
EXEC sys.sp_addextendedproperty @name=N'Name', @value=N'dateHired' , @level0type=N'SCHEMA',@level0name=N'dbo', @level1type=N'TABLE',@level1name=N'consultant', @level2type=N'COLUMN',@level2name=N'dateHired'
GO
EXEC sys.sp_addextendedproperty @name=N'OrdinalPosition', @value=N'4' , @level0type=N'SCHEMA',@level0name=N'dbo', @level1type=N'TABLE',@level1name=N'consultant', @level2type=N'COLUMN',@level2name=N'dateHired'
GO
EXEC sys.sp_addextendedproperty @name=N'Required', @value=N'True' , @level0type=N'SCHEMA',@level0name=N'dbo', @level1type=N'TABLE',@level1name=N'consultant', @level2type=N'COLUMN',@level2name=N'dateHired'
GO
EXEC sys.sp_addextendedproperty @name=N'Size', @value=N'8' , @level0type=N'SCHEMA',@level0name=N'dbo', @level1type=N'TABLE',@level1name=N'consultant', @level2type=N'COLUMN',@level2name=N'dateHired'
GO
EXEC sys.sp_addextendedproperty @name=N'SourceField', @value=N'dateHired' , @level0type=N'SCHEMA',@level0name=N'dbo', @level1type=N'TABLE',@level1name=N'consultant', @level2type=N'COLUMN',@level2name=N'dateHired'
GO
EXEC sys.sp_addextendedproperty @name=N'SourceTable', @value=N'consultant' , @level0type=N'SCHEMA',@level0name=N'dbo', @level1type=N'TABLE',@level1name=N'consultant', @level2type=N'COLUMN',@level2name=N'dateHired'
GO
EXEC sys.sp_addextendedproperty @name=N'Type', @value=N'8' , @level0type=N'SCHEMA',@level0name=N'dbo', @level1type=N'TABLE',@level1name=N'consultant', @level2type=N'COLUMN',@level2name=N'dateHired'
GO
EXEC sys.sp_addextendedproperty @name=N'ValidationRule', @value=N'<=Date()' , @level0type=N'SCHEMA',@level0name=N'dbo', @level1type=N'TABLE',@level1name=N'consultant', @level2type=N'COLUMN',@level2name=N'dateHired'
GO
EXEC sys.sp_addextendedproperty @name=N'ValidationText', @value=N'May not be in the future' , @level0type=N'SCHEMA',@level0name=N'dbo', @level1type=N'TABLE',@level1name=N'consultant', @level2type=N'COLUMN',@level2name=N'dateHired'
GO
EXEC sys.sp_addextendedproperty @name=N'AllowZeroLength', @value=N'False' , @level0type=N'SCHEMA',@level0name=N'dbo', @level1type=N'TABLE',@level1name=N'consultant', @level2type=N'COLUMN',@level2name=N'hourlyRate'
GO
EXEC sys.sp_addextendedproperty @name=N'AppendOnly', @value=N'False' , @level0type=N'SCHEMA',@level0name=N'dbo', @level1type=N'TABLE',@level1name=N'consultant', @level2type=N'COLUMN',@level2name=N'hourlyRate'
GO
EXEC sys.sp_addextendedproperty @name=N'Attributes', @value=N'1' , @level0type=N'SCHEMA',@level0name=N'dbo', @level1type=N'TABLE',@level1name=N'consultant', @level2type=N'COLUMN',@level2name=N'hourlyRate'
GO
EXEC sys.sp_addextendedproperty @name=N'CollatingOrder', @value=N'1033' , @level0type=N'SCHEMA',@level0name=N'dbo', @level1type=N'TABLE',@level1name=N'consultant', @level2type=N'COLUMN',@level2name=N'hourlyRate'
GO
EXEC sys.sp_addextendedproperty @name=N'ColumnHidden', @value=N'False' , @level0type=N'SCHEMA',@level0name=N'dbo', @level1type=N'TABLE',@level1name=N'consultant', @level2type=N'COLUMN',@level2name=N'hourlyRate'
GO
EXEC sys.sp_addextendedproperty @name=N'ColumnOrder', @value=N'0' , @level0type=N'SCHEMA',@level0name=N'dbo', @level1type=N'TABLE',@level1name=N'consultant', @level2type=N'COLUMN',@level2name=N'hourlyRate'
GO
EXEC sys.sp_addextendedproperty @name=N'ColumnWidth', @value=N'-1' , @level0type=N'SCHEMA',@level0name=N'dbo', @level1type=N'TABLE',@level1name=N'consultant', @level2type=N'COLUMN',@level2name=N'hourlyRate'
GO
EXEC sys.sp_addextendedproperty @name=N'DataUpdatable', @value=N'False' , @level0type=N'SCHEMA',@level0name=N'dbo', @level1type=N'TABLE',@level1name=N'consultant', @level2type=N'COLUMN',@level2name=N'hourlyRate'
GO
EXEC sys.sp_addextendedproperty @name=N'MS_DecimalPlaces', @value=N'2' , @level0type=N'SCHEMA',@level0name=N'dbo', @level1type=N'TABLE',@level1name=N'consultant', @level2type=N'COLUMN',@level2name=N'hourlyRate'
GO
EXEC sys.sp_addextendedproperty @name=N'MS_Format', @value=N'$#,##0.00;-$#,##0.00' , @level0type=N'SCHEMA',@level0name=N'dbo', @level1type=N'TABLE',@level1name=N'consultant', @level2type=N'COLUMN',@level2name=N'hourlyRate'
GO
EXEC sys.sp_addextendedproperty @name=N'Name', @value=N'hourlyRate' , @level0type=N'SCHEMA',@level0name=N'dbo', @level1type=N'TABLE',@level1name=N'consultant', @level2type=N'COLUMN',@level2name=N'hourlyRate'
GO
EXEC sys.sp_addextendedproperty @name=N'OrdinalPosition', @value=N'5' , @level0type=N'SCHEMA',@level0name=N'dbo', @level1type=N'TABLE',@level1name=N'consultant', @level2type=N'COLUMN',@level2name=N'hourlyRate'
GO
EXEC sys.sp_addextendedproperty @name=N'Required', @value=N'True' , @level0type=N'SCHEMA',@level0name=N'dbo', @level1type=N'TABLE',@level1name=N'consultant', @level2type=N'COLUMN',@level2name=N'hourlyRate'
GO
EXEC sys.sp_addextendedproperty @name=N'Size', @value=N'8' , @level0type=N'SCHEMA',@level0name=N'dbo', @level1type=N'TABLE',@level1name=N'consultant', @level2type=N'COLUMN',@level2name=N'hourlyRate'
GO
EXEC sys.sp_addextendedproperty @name=N'SourceField', @value=N'hourlyRate' , @level0type=N'SCHEMA',@level0name=N'dbo', @level1type=N'TABLE',@level1name=N'consultant', @level2type=N'COLUMN',@level2name=N'hourlyRate'
GO
EXEC sys.sp_addextendedproperty @name=N'SourceTable', @value=N'consultant' , @level0type=N'SCHEMA',@level0name=N'dbo', @level1type=N'TABLE',@level1name=N'consultant', @level2type=N'COLUMN',@level2name=N'hourlyRate'
GO
EXEC sys.sp_addextendedproperty @name=N'Type', @value=N'5' , @level0type=N'SCHEMA',@level0name=N'dbo', @level1type=N'TABLE',@level1name=N'consultant', @level2type=N'COLUMN',@level2name=N'hourlyRate'
GO
EXEC sys.sp_addextendedproperty @name=N'ValidationRule', @value=N'>=55 And <=155' , @level0type=N'SCHEMA',@level0name=N'dbo', @level1type=N'TABLE',@level1name=N'consultant', @level2type=N'COLUMN',@level2name=N'hourlyRate'
GO
EXEC sys.sp_addextendedproperty @name=N'ValidationText', @value=N'Must be between $55 and $155' , @level0type=N'SCHEMA',@level0name=N'dbo', @level1type=N'TABLE',@level1name=N'consultant', @level2type=N'COLUMN',@level2name=N'hourlyRate'
GO
EXEC sys.sp_addextendedproperty @name=N'AllowZeroLength', @value=N'False' , @level0type=N'SCHEMA',@level0name=N'dbo', @level1type=N'TABLE',@level1name=N'consultant', @level2type=N'COLUMN',@level2name=N'gender'
GO
EXEC sys.sp_addextendedproperty @name=N'AppendOnly', @value=N'False' , @level0type=N'SCHEMA',@level0name=N'dbo', @level1type=N'TABLE',@level1name=N'consultant', @level2type=N'COLUMN',@level2name=N'gender'
GO
EXEC sys.sp_addextendedproperty @name=N'Attributes', @value=N'2' , @level0type=N'SCHEMA',@level0name=N'dbo', @level1type=N'TABLE',@level1name=N'consultant', @level2type=N'COLUMN',@level2name=N'gender'
GO
EXEC sys.sp_addextendedproperty @name=N'CollatingOrder', @value=N'1033' , @level0type=N'SCHEMA',@level0name=N'dbo', @level1type=N'TABLE',@level1name=N'consultant', @level2type=N'COLUMN',@level2name=N'gender'
GO
EXEC sys.sp_addextendedproperty @name=N'ColumnHidden', @value=N'False' , @level0type=N'SCHEMA',@level0name=N'dbo', @level1type=N'TABLE',@level1name=N'consultant', @level2type=N'COLUMN',@level2name=N'gender'
GO
EXEC sys.sp_addextendedproperty @name=N'ColumnOrder', @value=N'0' , @level0type=N'SCHEMA',@level0name=N'dbo', @level1type=N'TABLE',@level1name=N'consultant', @level2type=N'COLUMN',@level2name=N'gender'
GO
EXEC sys.sp_addextendedproperty @name=N'ColumnWidth', @value=N'600' , @level0type=N'SCHEMA',@level0name=N'dbo', @level1type=N'TABLE',@level1name=N'consultant', @level2type=N'COLUMN',@level2name=N'gender'
GO
EXEC sys.sp_addextendedproperty @name=N'DataUpdatable', @value=N'False' , @level0type=N'SCHEMA',@level0name=N'dbo', @level1type=N'TABLE',@level1name=N'consultant', @level2type=N'COLUMN',@level2name=N'gender'
GO
EXEC sys.sp_addextendedproperty @name=N'DefaultValue', @value=N'"F"' , @level0type=N'SCHEMA',@level0name=N'dbo', @level1type=N'TABLE',@level1name=N'consultant', @level2type=N'COLUMN',@level2name=N'gender'
GO
EXEC sys.sp_addextendedproperty @name=N'MS_Description', @value=N'gender F,M' , @level0type=N'SCHEMA',@level0name=N'dbo', @level1type=N'TABLE',@level1name=N'consultant', @level2type=N'COLUMN',@level2name=N'gender'
GO
EXEC sys.sp_addextendedproperty @name=N'MS_DisplayControl', @value=N'109' , @level0type=N'SCHEMA',@level0name=N'dbo', @level1type=N'TABLE',@level1name=N'consultant', @level2type=N'COLUMN',@level2name=N'gender'
GO
EXEC sys.sp_addextendedproperty @name=N'MS_IMEMode', @value=N'0' , @level0type=N'SCHEMA',@level0name=N'dbo', @level1type=N'TABLE',@level1name=N'consultant', @level2type=N'COLUMN',@level2name=N'gender'
GO
EXEC sys.sp_addextendedproperty @name=N'MS_IMESentMode', @value=N'3' , @level0type=N'SCHEMA',@level0name=N'dbo', @level1type=N'TABLE',@level1name=N'consultant', @level2type=N'COLUMN',@level2name=N'gender'
GO
EXEC sys.sp_addextendedproperty @name=N'MS_InputMask', @value=N'>L' , @level0type=N'SCHEMA',@level0name=N'dbo', @level1type=N'TABLE',@level1name=N'consultant', @level2type=N'COLUMN',@level2name=N'gender'
GO
EXEC sys.sp_addextendedproperty @name=N'Name', @value=N'gender' , @level0type=N'SCHEMA',@level0name=N'dbo', @level1type=N'TABLE',@level1name=N'consultant', @level2type=N'COLUMN',@level2name=N'gender'
GO
EXEC sys.sp_addextendedproperty @name=N'OrdinalPosition', @value=N'6' , @level0type=N'SCHEMA',@level0name=N'dbo', @level1type=N'TABLE',@level1name=N'consultant', @level2type=N'COLUMN',@level2name=N'gender'
GO
EXEC sys.sp_addextendedproperty @name=N'Required', @value=N'True' , @level0type=N'SCHEMA',@level0name=N'dbo', @level1type=N'TABLE',@level1name=N'consultant', @level2type=N'COLUMN',@level2name=N'gender'
GO
EXEC sys.sp_addextendedproperty @name=N'Size', @value=N'1' , @level0type=N'SCHEMA',@level0name=N'dbo', @level1type=N'TABLE',@level1name=N'consultant', @level2type=N'COLUMN',@level2name=N'gender'
GO
EXEC sys.sp_addextendedproperty @name=N'SourceField', @value=N'gender' , @level0type=N'SCHEMA',@level0name=N'dbo', @level1type=N'TABLE',@level1name=N'consultant', @level2type=N'COLUMN',@level2name=N'gender'
GO
EXEC sys.sp_addextendedproperty @name=N'SourceTable', @value=N'consultant' , @level0type=N'SCHEMA',@level0name=N'dbo', @level1type=N'TABLE',@level1name=N'consultant', @level2type=N'COLUMN',@level2name=N'gender'
GO
EXEC sys.sp_addextendedproperty @name=N'Type', @value=N'10' , @level0type=N'SCHEMA',@level0name=N'dbo', @level1type=N'TABLE',@level1name=N'consultant', @level2type=N'COLUMN',@level2name=N'gender'
GO
EXEC sys.sp_addextendedproperty @name=N'UnicodeCompression', @value=N'False' , @level0type=N'SCHEMA',@level0name=N'dbo', @level1type=N'TABLE',@level1name=N'consultant', @level2type=N'COLUMN',@level2name=N'gender'
GO
EXEC sys.sp_addextendedproperty @name=N'ValidationRule', @value=N'In ("M","F")' , @level0type=N'SCHEMA',@level0name=N'dbo', @level1type=N'TABLE',@level1name=N'consultant', @level2type=N'COLUMN',@level2name=N'gender'
GO
EXEC sys.sp_addextendedproperty @name=N'ValidationText', @value=N'Must be M for Male or F for Female' , @level0type=N'SCHEMA',@level0name=N'dbo', @level1type=N'TABLE',@level1name=N'consultant', @level2type=N'COLUMN',@level2name=N'gender'
GO
EXEC sys.sp_addextendedproperty @name=N'AllowZeroLength', @value=N'False' , @level0type=N'SCHEMA',@level0name=N'dbo', @level1type=N'TABLE',@level1name=N'consultant', @level2type=N'COLUMN',@level2name=N'partner'
GO
EXEC sys.sp_addextendedproperty @name=N'AppendOnly', @value=N'False' , @level0type=N'SCHEMA',@level0name=N'dbo', @level1type=N'TABLE',@level1name=N'consultant', @level2type=N'COLUMN',@level2name=N'partner'
GO
EXEC sys.sp_addextendedproperty @name=N'Attributes', @value=N'1' , @level0type=N'SCHEMA',@level0name=N'dbo', @level1type=N'TABLE',@level1name=N'consultant', @level2type=N'COLUMN',@level2name=N'partner'
GO
EXEC sys.sp_addextendedproperty @name=N'CollatingOrder', @value=N'1033' , @level0type=N'SCHEMA',@level0name=N'dbo', @level1type=N'TABLE',@level1name=N'consultant', @level2type=N'COLUMN',@level2name=N'partner'
GO
EXEC sys.sp_addextendedproperty @name=N'ColumnHidden', @value=N'False' , @level0type=N'SCHEMA',@level0name=N'dbo', @level1type=N'TABLE',@level1name=N'consultant', @level2type=N'COLUMN',@level2name=N'partner'
GO
EXEC sys.sp_addextendedproperty @name=N'ColumnOrder', @value=N'0' , @level0type=N'SCHEMA',@level0name=N'dbo', @level1type=N'TABLE',@level1name=N'consultant', @level2type=N'COLUMN',@level2name=N'partner'
GO
EXEC sys.sp_addextendedproperty @name=N'ColumnWidth', @value=N'885' , @level0type=N'SCHEMA',@level0name=N'dbo', @level1type=N'TABLE',@level1name=N'consultant', @level2type=N'COLUMN',@level2name=N'partner'
GO
EXEC sys.sp_addextendedproperty @name=N'DataUpdatable', @value=N'False' , @level0type=N'SCHEMA',@level0name=N'dbo', @level1type=N'TABLE',@level1name=N'consultant', @level2type=N'COLUMN',@level2name=N'partner'
GO
EXEC sys.sp_addextendedproperty @name=N'DefaultValue', @value=N'No' , @level0type=N'SCHEMA',@level0name=N'dbo', @level1type=N'TABLE',@level1name=N'consultant', @level2type=N'COLUMN',@level2name=N'partner'
GO
EXEC sys.sp_addextendedproperty @name=N'MS_DisplayControl', @value=N'106' , @level0type=N'SCHEMA',@level0name=N'dbo', @level1type=N'TABLE',@level1name=N'consultant', @level2type=N'COLUMN',@level2name=N'partner'
GO
EXEC sys.sp_addextendedproperty @name=N'MS_Format', @value=N'Yes/No' , @level0type=N'SCHEMA',@level0name=N'dbo', @level1type=N'TABLE',@level1name=N'consultant', @level2type=N'COLUMN',@level2name=N'partner'
GO
EXEC sys.sp_addextendedproperty @name=N'Name', @value=N'partner' , @level0type=N'SCHEMA',@level0name=N'dbo', @level1type=N'TABLE',@level1name=N'consultant', @level2type=N'COLUMN',@level2name=N'partner'
GO
EXEC sys.sp_addextendedproperty @name=N'OrdinalPosition', @value=N'7' , @level0type=N'SCHEMA',@level0name=N'dbo', @level1type=N'TABLE',@level1name=N'consultant', @level2type=N'COLUMN',@level2name=N'partner'
GO
EXEC sys.sp_addextendedproperty @name=N'Required', @value=N'True' , @level0type=N'SCHEMA',@level0name=N'dbo', @level1type=N'TABLE',@level1name=N'consultant', @level2type=N'COLUMN',@level2name=N'partner'
GO
EXEC sys.sp_addextendedproperty @name=N'Size', @value=N'1' , @level0type=N'SCHEMA',@level0name=N'dbo', @level1type=N'TABLE',@level1name=N'consultant', @level2type=N'COLUMN',@level2name=N'partner'
GO
EXEC sys.sp_addextendedproperty @name=N'SourceField', @value=N'partner' , @level0type=N'SCHEMA',@level0name=N'dbo', @level1type=N'TABLE',@level1name=N'consultant', @level2type=N'COLUMN',@level2name=N'partner'
GO
EXEC sys.sp_addextendedproperty @name=N'SourceTable', @value=N'consultant' , @level0type=N'SCHEMA',@level0name=N'dbo', @level1type=N'TABLE',@level1name=N'consultant', @level2type=N'COLUMN',@level2name=N'partner'
GO
EXEC sys.sp_addextendedproperty @name=N'Type', @value=N'1' , @level0type=N'SCHEMA',@level0name=N'dbo', @level1type=N'TABLE',@level1name=N'consultant', @level2type=N'COLUMN',@level2name=N'partner'
GO
EXEC sys.sp_addextendedproperty @name=N'AllowZeroLength', @value=N'False' , @level0type=N'SCHEMA',@level0name=N'dbo', @level1type=N'TABLE',@level1name=N'consultant', @level2type=N'COLUMN',@level2name=N'category'
GO
EXEC sys.sp_addextendedproperty @name=N'AppendOnly', @value=N'False' , @level0type=N'SCHEMA',@level0name=N'dbo', @level1type=N'TABLE',@level1name=N'consultant', @level2type=N'COLUMN',@level2name=N'category'
GO
EXEC sys.sp_addextendedproperty @name=N'Attributes', @value=N'1' , @level0type=N'SCHEMA',@level0name=N'dbo', @level1type=N'TABLE',@level1name=N'consultant', @level2type=N'COLUMN',@level2name=N'category'
GO
EXEC sys.sp_addextendedproperty @name=N'CollatingOrder', @value=N'1033' , @level0type=N'SCHEMA',@level0name=N'dbo', @level1type=N'TABLE',@level1name=N'consultant', @level2type=N'COLUMN',@level2name=N'category'
GO
EXEC sys.sp_addextendedproperty @name=N'ColumnHidden', @value=N'False' , @level0type=N'SCHEMA',@level0name=N'dbo', @level1type=N'TABLE',@level1name=N'consultant', @level2type=N'COLUMN',@level2name=N'category'
GO
EXEC sys.sp_addextendedproperty @name=N'ColumnOrder', @value=N'0' , @level0type=N'SCHEMA',@level0name=N'dbo', @level1type=N'TABLE',@level1name=N'consultant', @level2type=N'COLUMN',@level2name=N'category'
GO
EXEC sys.sp_addextendedproperty @name=N'ColumnWidth', @value=N'-1' , @level0type=N'SCHEMA',@level0name=N'dbo', @level1type=N'TABLE',@level1name=N'consultant', @level2type=N'COLUMN',@level2name=N'category'
GO
EXEC sys.sp_addextendedproperty @name=N'DataUpdatable', @value=N'False' , @level0type=N'SCHEMA',@level0name=N'dbo', @level1type=N'TABLE',@level1name=N'consultant', @level2type=N'COLUMN',@level2name=N'category'
GO
EXEC sys.sp_addextendedproperty @name=N'DefaultValue', @value=N'1' , @level0type=N'SCHEMA',@level0name=N'dbo', @level1type=N'TABLE',@level1name=N'consultant', @level2type=N'COLUMN',@level2name=N'category'
GO
EXEC sys.sp_addextendedproperty @name=N'MS_DecimalPlaces', @value=N'0' , @level0type=N'SCHEMA',@level0name=N'dbo', @level1type=N'TABLE',@level1name=N'consultant', @level2type=N'COLUMN',@level2name=N'category'
GO
EXEC sys.sp_addextendedproperty @name=N'MS_DisplayControl', @value=N'109' , @level0type=N'SCHEMA',@level0name=N'dbo', @level1type=N'TABLE',@level1name=N'consultant', @level2type=N'COLUMN',@level2name=N'category'
GO
EXEC sys.sp_addextendedproperty @name=N'Name', @value=N'category' , @level0type=N'SCHEMA',@level0name=N'dbo', @level1type=N'TABLE',@level1name=N'consultant', @level2type=N'COLUMN',@level2name=N'category'
GO
EXEC sys.sp_addextendedproperty @name=N'OrdinalPosition', @value=N'9' , @level0type=N'SCHEMA',@level0name=N'dbo', @level1type=N'TABLE',@level1name=N'consultant', @level2type=N'COLUMN',@level2name=N'category'
GO
EXEC sys.sp_addextendedproperty @name=N'Required', @value=N'True' , @level0type=N'SCHEMA',@level0name=N'dbo', @level1type=N'TABLE',@level1name=N'consultant', @level2type=N'COLUMN',@level2name=N'category'
GO
EXEC sys.sp_addextendedproperty @name=N'Size', @value=N'2' , @level0type=N'SCHEMA',@level0name=N'dbo', @level1type=N'TABLE',@level1name=N'consultant', @level2type=N'COLUMN',@level2name=N'category'
GO
EXEC sys.sp_addextendedproperty @name=N'SourceField', @value=N'category' , @level0type=N'SCHEMA',@level0name=N'dbo', @level1type=N'TABLE',@level1name=N'consultant', @level2type=N'COLUMN',@level2name=N'category'
GO
EXEC sys.sp_addextendedproperty @name=N'SourceTable', @value=N'consultant' , @level0type=N'SCHEMA',@level0name=N'dbo', @level1type=N'TABLE',@level1name=N'consultant', @level2type=N'COLUMN',@level2name=N'category'
GO
EXEC sys.sp_addextendedproperty @name=N'Type', @value=N'3' , @level0type=N'SCHEMA',@level0name=N'dbo', @level1type=N'TABLE',@level1name=N'consultant', @level2type=N'COLUMN',@level2name=N'category'
GO
EXEC sys.sp_addextendedproperty @name=N'ValidationRule', @value=N'In (1,2,3)' , @level0type=N'SCHEMA',@level0name=N'dbo', @level1type=N'TABLE',@level1name=N'consultant', @level2type=N'COLUMN',@level2name=N'category'
GO
EXEC sys.sp_addextendedproperty @name=N'ValidationText', @value=N'Must be 1 for FullTime, 2 for Parttime, or 3 for Student' , @level0type=N'SCHEMA',@level0name=N'dbo', @level1type=N'TABLE',@level1name=N'consultant', @level2type=N'COLUMN',@level2name=N'category'
GO
EXEC sys.sp_addextendedproperty @name=N'Attributes', @value=N'0' , @level0type=N'SCHEMA',@level0name=N'dbo', @level1type=N'TABLE',@level1name=N'consultant'
GO
EXEC sys.sp_addextendedproperty @name=N'DateCreated', @value=N'19/02/1999 12:16:27 PM' , @level0type=N'SCHEMA',@level0name=N'dbo', @level1type=N'TABLE',@level1name=N'consultant'
GO
EXEC sys.sp_addextendedproperty @name=N'LastUpdated', @value=N'18/04/2010 3:09:14 PM' , @level0type=N'SCHEMA',@level0name=N'dbo', @level1type=N'TABLE',@level1name=N'consultant'
GO
EXEC sys.sp_addextendedproperty @name=N'MS_DefaultView', @value=N'2' , @level0type=N'SCHEMA',@level0name=N'dbo', @level1type=N'TABLE',@level1name=N'consultant'
GO
EXEC sys.sp_addextendedproperty @name=N'MS_OrderByOn', @value=N'False' , @level0type=N'SCHEMA',@level0name=N'dbo', @level1type=N'TABLE',@level1name=N'consultant'
GO
EXEC sys.sp_addextendedproperty @name=N'MS_Orientation', @value=N'0' , @level0type=N'SCHEMA',@level0name=N'dbo', @level1type=N'TABLE',@level1name=N'consultant'
GO
EXEC sys.sp_addextendedproperty @name=N'Name', @value=N'consultant' , @level0type=N'SCHEMA',@level0name=N'dbo', @level1type=N'TABLE',@level1name=N'consultant'
GO
EXEC sys.sp_addextendedproperty @name=N'RecordCount', @value=N'5' , @level0type=N'SCHEMA',@level0name=N'dbo', @level1type=N'TABLE',@level1name=N'consultant'
GO
EXEC sys.sp_addextendedproperty @name=N'Updatable', @value=N'True' , @level0type=N'SCHEMA',@level0name=N'dbo', @level1type=N'TABLE',@level1name=N'consultant'
GO
EXEC sys.sp_addextendedproperty @name=N'ValidationRule', @value=N'IIf([Partner]=True And [hourlyRate]<80,False,True)' , @level0type=N'SCHEMA',@level0name=N'dbo', @level1type=N'TABLE',@level1name=N'consultant'
GO
EXEC sys.sp_addextendedproperty @name=N'ValidationText', @value=N'Partner''s must bill ay 80 or more / hour' , @level0type=N'SCHEMA',@level0name=N'dbo', @level1type=N'TABLE',@level1name=N'consultant'
GO
EXEC sys.sp_addextendedproperty @name=N'AggregateType', @value=N'-1' , @level0type=N'SCHEMA',@level0name=N'dbo', @level1type=N'TABLE',@level1name=N'contract', @level2type=N'COLUMN',@level2name=N'contractId'
GO
EXEC sys.sp_addextendedproperty @name=N'AllowZeroLength', @value=N'False' , @level0type=N'SCHEMA',@level0name=N'dbo', @level1type=N'TABLE',@level1name=N'contract', @level2type=N'COLUMN',@level2name=N'contractId'
GO
EXEC sys.sp_addextendedproperty @name=N'AppendOnly', @value=N'False' , @level0type=N'SCHEMA',@level0name=N'dbo', @level1type=N'TABLE',@level1name=N'contract', @level2type=N'COLUMN',@level2name=N'contractId'
GO
EXEC sys.sp_addextendedproperty @name=N'Attributes', @value=N'17' , @level0type=N'SCHEMA',@level0name=N'dbo', @level1type=N'TABLE',@level1name=N'contract', @level2type=N'COLUMN',@level2name=N'contractId'
GO
EXEC sys.sp_addextendedproperty @name=N'CollatingOrder', @value=N'1033' , @level0type=N'SCHEMA',@level0name=N'dbo', @level1type=N'TABLE',@level1name=N'contract', @level2type=N'COLUMN',@level2name=N'contractId'
GO
EXEC sys.sp_addextendedproperty @name=N'ColumnHidden', @value=N'False' , @level0type=N'SCHEMA',@level0name=N'dbo', @level1type=N'TABLE',@level1name=N'contract', @level2type=N'COLUMN',@level2name=N'contractId'
GO
EXEC sys.sp_addextendedproperty @name=N'ColumnOrder', @value=N'0' , @level0type=N'SCHEMA',@level0name=N'dbo', @level1type=N'TABLE',@level1name=N'contract', @level2type=N'COLUMN',@level2name=N'contractId'
GO
EXEC sys.sp_addextendedproperty @name=N'ColumnWidth', @value=N'-1' , @level0type=N'SCHEMA',@level0name=N'dbo', @level1type=N'TABLE',@level1name=N'contract', @level2type=N'COLUMN',@level2name=N'contractId'
GO
EXEC sys.sp_addextendedproperty @name=N'DataUpdatable', @value=N'False' , @level0type=N'SCHEMA',@level0name=N'dbo', @level1type=N'TABLE',@level1name=N'contract', @level2type=N'COLUMN',@level2name=N'contractId'
GO
EXEC sys.sp_addextendedproperty @name=N'MS_Description', @value=N'contract number' , @level0type=N'SCHEMA',@level0name=N'dbo', @level1type=N'TABLE',@level1name=N'contract', @level2type=N'COLUMN',@level2name=N'contractId'
GO
EXEC sys.sp_addextendedproperty @name=N'Name', @value=N'contractId' , @level0type=N'SCHEMA',@level0name=N'dbo', @level1type=N'TABLE',@level1name=N'contract', @level2type=N'COLUMN',@level2name=N'contractId'
GO
EXEC sys.sp_addextendedproperty @name=N'OrdinalPosition', @value=N'0' , @level0type=N'SCHEMA',@level0name=N'dbo', @level1type=N'TABLE',@level1name=N'contract', @level2type=N'COLUMN',@level2name=N'contractId'
GO
EXEC sys.sp_addextendedproperty @name=N'Required', @value=N'False' , @level0type=N'SCHEMA',@level0name=N'dbo', @level1type=N'TABLE',@level1name=N'contract', @level2type=N'COLUMN',@level2name=N'contractId'
GO
EXEC sys.sp_addextendedproperty @name=N'Size', @value=N'4' , @level0type=N'SCHEMA',@level0name=N'dbo', @level1type=N'TABLE',@level1name=N'contract', @level2type=N'COLUMN',@level2name=N'contractId'
GO
EXEC sys.sp_addextendedproperty @name=N'SourceField', @value=N'contractId' , @level0type=N'SCHEMA',@level0name=N'dbo', @level1type=N'TABLE',@level1name=N'contract', @level2type=N'COLUMN',@level2name=N'contractId'
GO
EXEC sys.sp_addextendedproperty @name=N'SourceTable', @value=N'contract' , @level0type=N'SCHEMA',@level0name=N'dbo', @level1type=N'TABLE',@level1name=N'contract', @level2type=N'COLUMN',@level2name=N'contractId'
GO
EXEC sys.sp_addextendedproperty @name=N'TextAlign', @value=N'0' , @level0type=N'SCHEMA',@level0name=N'dbo', @level1type=N'TABLE',@level1name=N'contract', @level2type=N'COLUMN',@level2name=N'contractId'
GO
EXEC sys.sp_addextendedproperty @name=N'Type', @value=N'4' , @level0type=N'SCHEMA',@level0name=N'dbo', @level1type=N'TABLE',@level1name=N'contract', @level2type=N'COLUMN',@level2name=N'contractId'
GO
EXEC sys.sp_addextendedproperty @name=N'AggregateType', @value=N'-1' , @level0type=N'SCHEMA',@level0name=N'dbo', @level1type=N'TABLE',@level1name=N'contract', @level2type=N'COLUMN',@level2name=N'customerId'
GO
EXEC sys.sp_addextendedproperty @name=N'AllowZeroLength', @value=N'False' , @level0type=N'SCHEMA',@level0name=N'dbo', @level1type=N'TABLE',@level1name=N'contract', @level2type=N'COLUMN',@level2name=N'customerId'
GO
EXEC sys.sp_addextendedproperty @name=N'AppendOnly', @value=N'False' , @level0type=N'SCHEMA',@level0name=N'dbo', @level1type=N'TABLE',@level1name=N'contract', @level2type=N'COLUMN',@level2name=N'customerId'
GO
EXEC sys.sp_addextendedproperty @name=N'Attributes', @value=N'1' , @level0type=N'SCHEMA',@level0name=N'dbo', @level1type=N'TABLE',@level1name=N'contract', @level2type=N'COLUMN',@level2name=N'customerId'
GO
EXEC sys.sp_addextendedproperty @name=N'CollatingOrder', @value=N'1033' , @level0type=N'SCHEMA',@level0name=N'dbo', @level1type=N'TABLE',@level1name=N'contract', @level2type=N'COLUMN',@level2name=N'customerId'
GO
EXEC sys.sp_addextendedproperty @name=N'ColumnHidden', @value=N'False' , @level0type=N'SCHEMA',@level0name=N'dbo', @level1type=N'TABLE',@level1name=N'contract', @level2type=N'COLUMN',@level2name=N'customerId'
GO
EXEC sys.sp_addextendedproperty @name=N'ColumnOrder', @value=N'0' , @level0type=N'SCHEMA',@level0name=N'dbo', @level1type=N'TABLE',@level1name=N'contract', @level2type=N'COLUMN',@level2name=N'customerId'
GO
EXEC sys.sp_addextendedproperty @name=N'ColumnWidth', @value=N'-1' , @level0type=N'SCHEMA',@level0name=N'dbo', @level1type=N'TABLE',@level1name=N'contract', @level2type=N'COLUMN',@level2name=N'customerId'
GO
EXEC sys.sp_addextendedproperty @name=N'DataUpdatable', @value=N'False' , @level0type=N'SCHEMA',@level0name=N'dbo', @level1type=N'TABLE',@level1name=N'contract', @level2type=N'COLUMN',@level2name=N'customerId'
GO
EXEC sys.sp_addextendedproperty @name=N'DefaultValue', @value=N'0' , @level0type=N'SCHEMA',@level0name=N'dbo', @level1type=N'TABLE',@level1name=N'contract', @level2type=N'COLUMN',@level2name=N'customerId'
GO
EXEC sys.sp_addextendedproperty @name=N'MS_BoundColumn', @value=N'1' , @level0type=N'SCHEMA',@level0name=N'dbo', @level1type=N'TABLE',@level1name=N'contract', @level2type=N'COLUMN',@level2name=N'customerId'
GO
EXEC sys.sp_addextendedproperty @name=N'MS_ColumnCount', @value=N'2' , @level0type=N'SCHEMA',@level0name=N'dbo', @level1type=N'TABLE',@level1name=N'contract', @level2type=N'COLUMN',@level2name=N'customerId'
GO
EXEC sys.sp_addextendedproperty @name=N'MS_ColumnHeads', @value=N'False' , @level0type=N'SCHEMA',@level0name=N'dbo', @level1type=N'TABLE',@level1name=N'contract', @level2type=N'COLUMN',@level2name=N'customerId'
GO
EXEC sys.sp_addextendedproperty @name=N'MS_ColumnWidths', @value=N'0;1440' , @level0type=N'SCHEMA',@level0name=N'dbo', @level1type=N'TABLE',@level1name=N'contract', @level2type=N'COLUMN',@level2name=N'customerId'
GO
EXEC sys.sp_addextendedproperty @name=N'MS_DecimalPlaces', @value=N'255' , @level0type=N'SCHEMA',@level0name=N'dbo', @level1type=N'TABLE',@level1name=N'contract', @level2type=N'COLUMN',@level2name=N'customerId'
GO
EXEC sys.sp_addextendedproperty @name=N'MS_Description', @value=N'customer the contact''s for' , @level0type=N'SCHEMA',@level0name=N'dbo', @level1type=N'TABLE',@level1name=N'contract', @level2type=N'COLUMN',@level2name=N'customerId'
GO
EXEC sys.sp_addextendedproperty @name=N'MS_DisplayControl', @value=N'109' , @level0type=N'SCHEMA',@level0name=N'dbo', @level1type=N'TABLE',@level1name=N'contract', @level2type=N'COLUMN',@level2name=N'customerId'
GO
EXEC sys.sp_addextendedproperty @name=N'MS_RowSource', @value=N'customer' , @level0type=N'SCHEMA',@level0name=N'dbo', @level1type=N'TABLE',@level1name=N'contract', @level2type=N'COLUMN',@level2name=N'customerId'
GO
EXEC sys.sp_addextendedproperty @name=N'MS_RowSourceType', @value=N'Table/View/StoredProc' , @level0type=N'SCHEMA',@level0name=N'dbo', @level1type=N'TABLE',@level1name=N'contract', @level2type=N'COLUMN',@level2name=N'customerId'
GO
EXEC sys.sp_addextendedproperty @name=N'Name', @value=N'customerID' , @level0type=N'SCHEMA',@level0name=N'dbo', @level1type=N'TABLE',@level1name=N'contract', @level2type=N'COLUMN',@level2name=N'customerId'
GO
EXEC sys.sp_addextendedproperty @name=N'OrdinalPosition', @value=N'1' , @level0type=N'SCHEMA',@level0name=N'dbo', @level1type=N'TABLE',@level1name=N'contract', @level2type=N'COLUMN',@level2name=N'customerId'
GO
EXEC sys.sp_addextendedproperty @name=N'Required', @value=N'False' , @level0type=N'SCHEMA',@level0name=N'dbo', @level1type=N'TABLE',@level1name=N'contract', @level2type=N'COLUMN',@level2name=N'customerId'
GO
EXEC sys.sp_addextendedproperty @name=N'Size', @value=N'4' , @level0type=N'SCHEMA',@level0name=N'dbo', @level1type=N'TABLE',@level1name=N'contract', @level2type=N'COLUMN',@level2name=N'customerId'
GO
EXEC sys.sp_addextendedproperty @name=N'SourceField', @value=N'customerID' , @level0type=N'SCHEMA',@level0name=N'dbo', @level1type=N'TABLE',@level1name=N'contract', @level2type=N'COLUMN',@level2name=N'customerId'
GO
EXEC sys.sp_addextendedproperty @name=N'SourceTable', @value=N'contract' , @level0type=N'SCHEMA',@level0name=N'dbo', @level1type=N'TABLE',@level1name=N'contract', @level2type=N'COLUMN',@level2name=N'customerId'
GO
EXEC sys.sp_addextendedproperty @name=N'TextAlign', @value=N'0' , @level0type=N'SCHEMA',@level0name=N'dbo', @level1type=N'TABLE',@level1name=N'contract', @level2type=N'COLUMN',@level2name=N'customerId'
GO
EXEC sys.sp_addextendedproperty @name=N'Type', @value=N'4' , @level0type=N'SCHEMA',@level0name=N'dbo', @level1type=N'TABLE',@level1name=N'contract', @level2type=N'COLUMN',@level2name=N'customerId'
GO
EXEC sys.sp_addextendedproperty @name=N'AggregateType', @value=N'-1' , @level0type=N'SCHEMA',@level0name=N'dbo', @level1type=N'TABLE',@level1name=N'contract', @level2type=N'COLUMN',@level2name=N'startDate'
GO
EXEC sys.sp_addextendedproperty @name=N'AllowZeroLength', @value=N'False' , @level0type=N'SCHEMA',@level0name=N'dbo', @level1type=N'TABLE',@level1name=N'contract', @level2type=N'COLUMN',@level2name=N'startDate'
GO
EXEC sys.sp_addextendedproperty @name=N'AppendOnly', @value=N'False' , @level0type=N'SCHEMA',@level0name=N'dbo', @level1type=N'TABLE',@level1name=N'contract', @level2type=N'COLUMN',@level2name=N'startDate'
GO
EXEC sys.sp_addextendedproperty @name=N'Attributes', @value=N'1' , @level0type=N'SCHEMA',@level0name=N'dbo', @level1type=N'TABLE',@level1name=N'contract', @level2type=N'COLUMN',@level2name=N'startDate'
GO
EXEC sys.sp_addextendedproperty @name=N'CollatingOrder', @value=N'1033' , @level0type=N'SCHEMA',@level0name=N'dbo', @level1type=N'TABLE',@level1name=N'contract', @level2type=N'COLUMN',@level2name=N'startDate'
GO
EXEC sys.sp_addextendedproperty @name=N'ColumnHidden', @value=N'False' , @level0type=N'SCHEMA',@level0name=N'dbo', @level1type=N'TABLE',@level1name=N'contract', @level2type=N'COLUMN',@level2name=N'startDate'
GO
EXEC sys.sp_addextendedproperty @name=N'ColumnOrder', @value=N'0' , @level0type=N'SCHEMA',@level0name=N'dbo', @level1type=N'TABLE',@level1name=N'contract', @level2type=N'COLUMN',@level2name=N'startDate'
GO
EXEC sys.sp_addextendedproperty @name=N'ColumnWidth', @value=N'-1' , @level0type=N'SCHEMA',@level0name=N'dbo', @level1type=N'TABLE',@level1name=N'contract', @level2type=N'COLUMN',@level2name=N'startDate'
GO
EXEC sys.sp_addextendedproperty @name=N'DataUpdatable', @value=N'False' , @level0type=N'SCHEMA',@level0name=N'dbo', @level1type=N'TABLE',@level1name=N'contract', @level2type=N'COLUMN',@level2name=N'startDate'
GO
EXEC sys.sp_addextendedproperty @name=N'MS_Description', @value=N'date contract starts' , @level0type=N'SCHEMA',@level0name=N'dbo', @level1type=N'TABLE',@level1name=N'contract', @level2type=N'COLUMN',@level2name=N'startDate'
GO
EXEC sys.sp_addextendedproperty @name=N'MS_IMEMode', @value=N'0' , @level0type=N'SCHEMA',@level0name=N'dbo', @level1type=N'TABLE',@level1name=N'contract', @level2type=N'COLUMN',@level2name=N'startDate'
GO
EXEC sys.sp_addextendedproperty @name=N'MS_IMESentMode', @value=N'3' , @level0type=N'SCHEMA',@level0name=N'dbo', @level1type=N'TABLE',@level1name=N'contract', @level2type=N'COLUMN',@level2name=N'startDate'
GO
EXEC sys.sp_addextendedproperty @name=N'Name', @value=N'startDate' , @level0type=N'SCHEMA',@level0name=N'dbo', @level1type=N'TABLE',@level1name=N'contract', @level2type=N'COLUMN',@level2name=N'startDate'
GO
EXEC sys.sp_addextendedproperty @name=N'OrdinalPosition', @value=N'2' , @level0type=N'SCHEMA',@level0name=N'dbo', @level1type=N'TABLE',@level1name=N'contract', @level2type=N'COLUMN',@level2name=N'startDate'
GO
EXEC sys.sp_addextendedproperty @name=N'Required', @value=N'False' , @level0type=N'SCHEMA',@level0name=N'dbo', @level1type=N'TABLE',@level1name=N'contract', @level2type=N'COLUMN',@level2name=N'startDate'
GO
EXEC sys.sp_addextendedproperty @name=N'ShowDatePicker', @value=N'1' , @level0type=N'SCHEMA',@level0name=N'dbo', @level1type=N'TABLE',@level1name=N'contract', @level2type=N'COLUMN',@level2name=N'startDate'
GO
EXEC sys.sp_addextendedproperty @name=N'Size', @value=N'8' , @level0type=N'SCHEMA',@level0name=N'dbo', @level1type=N'TABLE',@level1name=N'contract', @level2type=N'COLUMN',@level2name=N'startDate'
GO
EXEC sys.sp_addextendedproperty @name=N'SourceField', @value=N'startDate' , @level0type=N'SCHEMA',@level0name=N'dbo', @level1type=N'TABLE',@level1name=N'contract', @level2type=N'COLUMN',@level2name=N'startDate'
GO
EXEC sys.sp_addextendedproperty @name=N'SourceTable', @value=N'contract' , @level0type=N'SCHEMA',@level0name=N'dbo', @level1type=N'TABLE',@level1name=N'contract', @level2type=N'COLUMN',@level2name=N'startDate'
GO
EXEC sys.sp_addextendedproperty @name=N'TextAlign', @value=N'0' , @level0type=N'SCHEMA',@level0name=N'dbo', @level1type=N'TABLE',@level1name=N'contract', @level2type=N'COLUMN',@level2name=N'startDate'
GO
EXEC sys.sp_addextendedproperty @name=N'Type', @value=N'8' , @level0type=N'SCHEMA',@level0name=N'dbo', @level1type=N'TABLE',@level1name=N'contract', @level2type=N'COLUMN',@level2name=N'startDate'
GO
EXEC sys.sp_addextendedproperty @name=N'AggregateType', @value=N'-1' , @level0type=N'SCHEMA',@level0name=N'dbo', @level1type=N'TABLE',@level1name=N'contract', @level2type=N'COLUMN',@level2name=N'daysDuration'
GO
EXEC sys.sp_addextendedproperty @name=N'AllowZeroLength', @value=N'False' , @level0type=N'SCHEMA',@level0name=N'dbo', @level1type=N'TABLE',@level1name=N'contract', @level2type=N'COLUMN',@level2name=N'daysDuration'
GO
EXEC sys.sp_addextendedproperty @name=N'AppendOnly', @value=N'False' , @level0type=N'SCHEMA',@level0name=N'dbo', @level1type=N'TABLE',@level1name=N'contract', @level2type=N'COLUMN',@level2name=N'daysDuration'
GO
EXEC sys.sp_addextendedproperty @name=N'Attributes', @value=N'1' , @level0type=N'SCHEMA',@level0name=N'dbo', @level1type=N'TABLE',@level1name=N'contract', @level2type=N'COLUMN',@level2name=N'daysDuration'
GO
EXEC sys.sp_addextendedproperty @name=N'CollatingOrder', @value=N'1033' , @level0type=N'SCHEMA',@level0name=N'dbo', @level1type=N'TABLE',@level1name=N'contract', @level2type=N'COLUMN',@level2name=N'daysDuration'
GO
EXEC sys.sp_addextendedproperty @name=N'ColumnHidden', @value=N'False' , @level0type=N'SCHEMA',@level0name=N'dbo', @level1type=N'TABLE',@level1name=N'contract', @level2type=N'COLUMN',@level2name=N'daysDuration'
GO
EXEC sys.sp_addextendedproperty @name=N'ColumnOrder', @value=N'0' , @level0type=N'SCHEMA',@level0name=N'dbo', @level1type=N'TABLE',@level1name=N'contract', @level2type=N'COLUMN',@level2name=N'daysDuration'
GO
EXEC sys.sp_addextendedproperty @name=N'ColumnWidth', @value=N'-1' , @level0type=N'SCHEMA',@level0name=N'dbo', @level1type=N'TABLE',@level1name=N'contract', @level2type=N'COLUMN',@level2name=N'daysDuration'
GO
EXEC sys.sp_addextendedproperty @name=N'DataUpdatable', @value=N'False' , @level0type=N'SCHEMA',@level0name=N'dbo', @level1type=N'TABLE',@level1name=N'contract', @level2type=N'COLUMN',@level2name=N'daysDuration'
GO
EXEC sys.sp_addextendedproperty @name=N'MS_Description', @value=N'date contract ended or is to end (null if running and no end date specified)' , @level0type=N'SCHEMA',@level0name=N'dbo', @level1type=N'TABLE',@level1name=N'contract', @level2type=N'COLUMN',@level2name=N'daysDuration'
GO
EXEC sys.sp_addextendedproperty @name=N'MS_IMEMode', @value=N'0' , @level0type=N'SCHEMA',@level0name=N'dbo', @level1type=N'TABLE',@level1name=N'contract', @level2type=N'COLUMN',@level2name=N'daysDuration'
GO
EXEC sys.sp_addextendedproperty @name=N'MS_IMESentMode', @value=N'3' , @level0type=N'SCHEMA',@level0name=N'dbo', @level1type=N'TABLE',@level1name=N'contract', @level2type=N'COLUMN',@level2name=N'daysDuration'
GO
EXEC sys.sp_addextendedproperty @name=N'Name', @value=N'endDate' , @level0type=N'SCHEMA',@level0name=N'dbo', @level1type=N'TABLE',@level1name=N'contract', @level2type=N'COLUMN',@level2name=N'daysDuration'
GO
EXEC sys.sp_addextendedproperty @name=N'OrdinalPosition', @value=N'3' , @level0type=N'SCHEMA',@level0name=N'dbo', @level1type=N'TABLE',@level1name=N'contract', @level2type=N'COLUMN',@level2name=N'daysDuration'
GO
EXEC sys.sp_addextendedproperty @name=N'Required', @value=N'False' , @level0type=N'SCHEMA',@level0name=N'dbo', @level1type=N'TABLE',@level1name=N'contract', @level2type=N'COLUMN',@level2name=N'daysDuration'
GO
EXEC sys.sp_addextendedproperty @name=N'ShowDatePicker', @value=N'1' , @level0type=N'SCHEMA',@level0name=N'dbo', @level1type=N'TABLE',@level1name=N'contract', @level2type=N'COLUMN',@level2name=N'daysDuration'
GO
EXEC sys.sp_addextendedproperty @name=N'Size', @value=N'8' , @level0type=N'SCHEMA',@level0name=N'dbo', @level1type=N'TABLE',@level1name=N'contract', @level2type=N'COLUMN',@level2name=N'daysDuration'
GO
EXEC sys.sp_addextendedproperty @name=N'SourceField', @value=N'endDate' , @level0type=N'SCHEMA',@level0name=N'dbo', @level1type=N'TABLE',@level1name=N'contract', @level2type=N'COLUMN',@level2name=N'daysDuration'
GO
EXEC sys.sp_addextendedproperty @name=N'SourceTable', @value=N'contract' , @level0type=N'SCHEMA',@level0name=N'dbo', @level1type=N'TABLE',@level1name=N'contract', @level2type=N'COLUMN',@level2name=N'daysDuration'
GO
EXEC sys.sp_addextendedproperty @name=N'TextAlign', @value=N'0' , @level0type=N'SCHEMA',@level0name=N'dbo', @level1type=N'TABLE',@level1name=N'contract', @level2type=N'COLUMN',@level2name=N'daysDuration'
GO
EXEC sys.sp_addextendedproperty @name=N'Type', @value=N'8' , @level0type=N'SCHEMA',@level0name=N'dbo', @level1type=N'TABLE',@level1name=N'contract', @level2type=N'COLUMN',@level2name=N'daysDuration'
GO
EXEC sys.sp_addextendedproperty @name=N'AggregateType', @value=N'-1' , @level0type=N'SCHEMA',@level0name=N'dbo', @level1type=N'TABLE',@level1name=N'contract', @level2type=N'COLUMN',@level2name=N'quotedPrice'
GO
EXEC sys.sp_addextendedproperty @name=N'AllowZeroLength', @value=N'False' , @level0type=N'SCHEMA',@level0name=N'dbo', @level1type=N'TABLE',@level1name=N'contract', @level2type=N'COLUMN',@level2name=N'quotedPrice'
GO
EXEC sys.sp_addextendedproperty @name=N'AppendOnly', @value=N'False' , @level0type=N'SCHEMA',@level0name=N'dbo', @level1type=N'TABLE',@level1name=N'contract', @level2type=N'COLUMN',@level2name=N'quotedPrice'
GO
EXEC sys.sp_addextendedproperty @name=N'Attributes', @value=N'1' , @level0type=N'SCHEMA',@level0name=N'dbo', @level1type=N'TABLE',@level1name=N'contract', @level2type=N'COLUMN',@level2name=N'quotedPrice'
GO
EXEC sys.sp_addextendedproperty @name=N'CollatingOrder', @value=N'1033' , @level0type=N'SCHEMA',@level0name=N'dbo', @level1type=N'TABLE',@level1name=N'contract', @level2type=N'COLUMN',@level2name=N'quotedPrice'
GO
EXEC sys.sp_addextendedproperty @name=N'ColumnHidden', @value=N'False' , @level0type=N'SCHEMA',@level0name=N'dbo', @level1type=N'TABLE',@level1name=N'contract', @level2type=N'COLUMN',@level2name=N'quotedPrice'
GO
EXEC sys.sp_addextendedproperty @name=N'ColumnOrder', @value=N'0' , @level0type=N'SCHEMA',@level0name=N'dbo', @level1type=N'TABLE',@level1name=N'contract', @level2type=N'COLUMN',@level2name=N'quotedPrice'
GO
EXEC sys.sp_addextendedproperty @name=N'ColumnWidth', @value=N'-1' , @level0type=N'SCHEMA',@level0name=N'dbo', @level1type=N'TABLE',@level1name=N'contract', @level2type=N'COLUMN',@level2name=N'quotedPrice'
GO
EXEC sys.sp_addextendedproperty @name=N'DataUpdatable', @value=N'False' , @level0type=N'SCHEMA',@level0name=N'dbo', @level1type=N'TABLE',@level1name=N'contract', @level2type=N'COLUMN',@level2name=N'quotedPrice'
GO
EXEC sys.sp_addextendedproperty @name=N'MS_DecimalPlaces', @value=N'255' , @level0type=N'SCHEMA',@level0name=N'dbo', @level1type=N'TABLE',@level1name=N'contract', @level2type=N'COLUMN',@level2name=N'quotedPrice'
GO
EXEC sys.sp_addextendedproperty @name=N'MS_Description', @value=N'total contract price' , @level0type=N'SCHEMA',@level0name=N'dbo', @level1type=N'TABLE',@level1name=N'contract', @level2type=N'COLUMN',@level2name=N'quotedPrice'
GO
EXEC sys.sp_addextendedproperty @name=N'MS_DisplayControl', @value=N'109' , @level0type=N'SCHEMA',@level0name=N'dbo', @level1type=N'TABLE',@level1name=N'contract', @level2type=N'COLUMN',@level2name=N'quotedPrice'
GO
EXEC sys.sp_addextendedproperty @name=N'Name', @value=N'quoted Price' , @level0type=N'SCHEMA',@level0name=N'dbo', @level1type=N'TABLE',@level1name=N'contract', @level2type=N'COLUMN',@level2name=N'quotedPrice'
GO
EXEC sys.sp_addextendedproperty @name=N'OrdinalPosition', @value=N'4' , @level0type=N'SCHEMA',@level0name=N'dbo', @level1type=N'TABLE',@level1name=N'contract', @level2type=N'COLUMN',@level2name=N'quotedPrice'
GO
EXEC sys.sp_addextendedproperty @name=N'Required', @value=N'False' , @level0type=N'SCHEMA',@level0name=N'dbo', @level1type=N'TABLE',@level1name=N'contract', @level2type=N'COLUMN',@level2name=N'quotedPrice'
GO
EXEC sys.sp_addextendedproperty @name=N'Size', @value=N'8' , @level0type=N'SCHEMA',@level0name=N'dbo', @level1type=N'TABLE',@level1name=N'contract', @level2type=N'COLUMN',@level2name=N'quotedPrice'
GO
EXEC sys.sp_addextendedproperty @name=N'SourceField', @value=N'quoted Price' , @level0type=N'SCHEMA',@level0name=N'dbo', @level1type=N'TABLE',@level1name=N'contract', @level2type=N'COLUMN',@level2name=N'quotedPrice'
GO
EXEC sys.sp_addextendedproperty @name=N'SourceTable', @value=N'contract' , @level0type=N'SCHEMA',@level0name=N'dbo', @level1type=N'TABLE',@level1name=N'contract', @level2type=N'COLUMN',@level2name=N'quotedPrice'
GO
EXEC sys.sp_addextendedproperty @name=N'TextAlign', @value=N'0' , @level0type=N'SCHEMA',@level0name=N'dbo', @level1type=N'TABLE',@level1name=N'contract', @level2type=N'COLUMN',@level2name=N'quotedPrice'
GO
EXEC sys.sp_addextendedproperty @name=N'Type', @value=N'7' , @level0type=N'SCHEMA',@level0name=N'dbo', @level1type=N'TABLE',@level1name=N'contract', @level2type=N'COLUMN',@level2name=N'quotedPrice'
GO
EXEC sys.sp_addextendedproperty @name=N'Attributes', @value=N'0' , @level0type=N'SCHEMA',@level0name=N'dbo', @level1type=N'TABLE',@level1name=N'contract'
GO
EXEC sys.sp_addextendedproperty @name=N'DateCreated', @value=N'06/03/2005 11:52:31 AM' , @level0type=N'SCHEMA',@level0name=N'dbo', @level1type=N'TABLE',@level1name=N'contract'
GO
EXEC sys.sp_addextendedproperty @name=N'DisplayViewsOnSharePointSite', @value=N'1' , @level0type=N'SCHEMA',@level0name=N'dbo', @level1type=N'TABLE',@level1name=N'contract'
GO
EXEC sys.sp_addextendedproperty @name=N'FilterOnLoad', @value=N'False' , @level0type=N'SCHEMA',@level0name=N'dbo', @level1type=N'TABLE',@level1name=N'contract'
GO
EXEC sys.sp_addextendedproperty @name=N'HideNewField', @value=N'False' , @level0type=N'SCHEMA',@level0name=N'dbo', @level1type=N'TABLE',@level1name=N'contract'
GO
EXEC sys.sp_addextendedproperty @name=N'LastUpdated', @value=N'18/04/2010 3:17:25 PM' , @level0type=N'SCHEMA',@level0name=N'dbo', @level1type=N'TABLE',@level1name=N'contract'
GO
EXEC sys.sp_addextendedproperty @name=N'MS_DefaultView', @value=N'2' , @level0type=N'SCHEMA',@level0name=N'dbo', @level1type=N'TABLE',@level1name=N'contract'
GO
EXEC sys.sp_addextendedproperty @name=N'MS_OrderByOn', @value=N'False' , @level0type=N'SCHEMA',@level0name=N'dbo', @level1type=N'TABLE',@level1name=N'contract'
GO
EXEC sys.sp_addextendedproperty @name=N'MS_Orientation', @value=N'0' , @level0type=N'SCHEMA',@level0name=N'dbo', @level1type=N'TABLE',@level1name=N'contract'
GO
EXEC sys.sp_addextendedproperty @name=N'Name', @value=N'contract' , @level0type=N'SCHEMA',@level0name=N'dbo', @level1type=N'TABLE',@level1name=N'contract'
GO
EXEC sys.sp_addextendedproperty @name=N'OrderByOnLoad', @value=N'True' , @level0type=N'SCHEMA',@level0name=N'dbo', @level1type=N'TABLE',@level1name=N'contract'
GO
EXEC sys.sp_addextendedproperty @name=N'RecordCount', @value=N'2' , @level0type=N'SCHEMA',@level0name=N'dbo', @level1type=N'TABLE',@level1name=N'contract'
GO
EXEC sys.sp_addextendedproperty @name=N'TotalsRow', @value=N'False' , @level0type=N'SCHEMA',@level0name=N'dbo', @level1type=N'TABLE',@level1name=N'contract'
GO
EXEC sys.sp_addextendedproperty @name=N'Updatable', @value=N'True' , @level0type=N'SCHEMA',@level0name=N'dbo', @level1type=N'TABLE',@level1name=N'contract'
GO
EXEC sys.sp_addextendedproperty @name=N'MS_ConstraintText', @value=N'You cannot add, change, or delete this record because of the relationship restriction between the tables ''customer'' and ''contract''.' , @level0type=N'SCHEMA',@level0name=N'dbo', @level1type=N'TABLE',@level1name=N'contract', @level2type=N'CONSTRAINT',@level2name=N'contract_FK00'
GO
EXEC sys.sp_addextendedproperty @name=N'AllowZeroLength', @value=N'False' , @level0type=N'SCHEMA',@level0name=N'dbo', @level1type=N'TABLE',@level1name=N'customer', @level2type=N'COLUMN',@level2name=N'customerId'
GO
EXEC sys.sp_addextendedproperty @name=N'AppendOnly', @value=N'False' , @level0type=N'SCHEMA',@level0name=N'dbo', @level1type=N'TABLE',@level1name=N'customer', @level2type=N'COLUMN',@level2name=N'customerId'
GO
EXEC sys.sp_addextendedproperty @name=N'Attributes', @value=N'17' , @level0type=N'SCHEMA',@level0name=N'dbo', @level1type=N'TABLE',@level1name=N'customer', @level2type=N'COLUMN',@level2name=N'customerId'
GO
EXEC sys.sp_addextendedproperty @name=N'CollatingOrder', @value=N'1033' , @level0type=N'SCHEMA',@level0name=N'dbo', @level1type=N'TABLE',@level1name=N'customer', @level2type=N'COLUMN',@level2name=N'customerId'
GO
EXEC sys.sp_addextendedproperty @name=N'ColumnHidden', @value=N'False' , @level0type=N'SCHEMA',@level0name=N'dbo', @level1type=N'TABLE',@level1name=N'customer', @level2type=N'COLUMN',@level2name=N'customerId'
GO
EXEC sys.sp_addextendedproperty @name=N'ColumnOrder', @value=N'0' , @level0type=N'SCHEMA',@level0name=N'dbo', @level1type=N'TABLE',@level1name=N'customer', @level2type=N'COLUMN',@level2name=N'customerId'
GO
EXEC sys.sp_addextendedproperty @name=N'ColumnWidth', @value=N'765' , @level0type=N'SCHEMA',@level0name=N'dbo', @level1type=N'TABLE',@level1name=N'customer', @level2type=N'COLUMN',@level2name=N'customerId'
GO
EXEC sys.sp_addextendedproperty @name=N'DataUpdatable', @value=N'False' , @level0type=N'SCHEMA',@level0name=N'dbo', @level1type=N'TABLE',@level1name=N'customer', @level2type=N'COLUMN',@level2name=N'customerId'
GO
EXEC sys.sp_addextendedproperty @name=N'MS_Caption', @value=N'Customer ID' , @level0type=N'SCHEMA',@level0name=N'dbo', @level1type=N'TABLE',@level1name=N'customer', @level2type=N'COLUMN',@level2name=N'customerId'
GO
EXEC sys.sp_addextendedproperty @name=N'Name', @value=N'customerId' , @level0type=N'SCHEMA',@level0name=N'dbo', @level1type=N'TABLE',@level1name=N'customer', @level2type=N'COLUMN',@level2name=N'customerId'
GO
EXEC sys.sp_addextendedproperty @name=N'OrdinalPosition', @value=N'0' , @level0type=N'SCHEMA',@level0name=N'dbo', @level1type=N'TABLE',@level1name=N'customer', @level2type=N'COLUMN',@level2name=N'customerId'
GO
EXEC sys.sp_addextendedproperty @name=N'Required', @value=N'False' , @level0type=N'SCHEMA',@level0name=N'dbo', @level1type=N'TABLE',@level1name=N'customer', @level2type=N'COLUMN',@level2name=N'customerId'
GO
EXEC sys.sp_addextendedproperty @name=N'Size', @value=N'4' , @level0type=N'SCHEMA',@level0name=N'dbo', @level1type=N'TABLE',@level1name=N'customer', @level2type=N'COLUMN',@level2name=N'customerId'
GO
EXEC sys.sp_addextendedproperty @name=N'SourceField', @value=N'customerId' , @level0type=N'SCHEMA',@level0name=N'dbo', @level1type=N'TABLE',@level1name=N'customer', @level2type=N'COLUMN',@level2name=N'customerId'
GO
EXEC sys.sp_addextendedproperty @name=N'SourceTable', @value=N'customer' , @level0type=N'SCHEMA',@level0name=N'dbo', @level1type=N'TABLE',@level1name=N'customer', @level2type=N'COLUMN',@level2name=N'customerId'
GO
EXEC sys.sp_addextendedproperty @name=N'Type', @value=N'4' , @level0type=N'SCHEMA',@level0name=N'dbo', @level1type=N'TABLE',@level1name=N'customer', @level2type=N'COLUMN',@level2name=N'customerId'
GO
EXEC sys.sp_addextendedproperty @name=N'AllowZeroLength', @value=N'False' , @level0type=N'SCHEMA',@level0name=N'dbo', @level1type=N'TABLE',@level1name=N'customer', @level2type=N'COLUMN',@level2name=N'companyName'
GO
EXEC sys.sp_addextendedproperty @name=N'AppendOnly', @value=N'False' , @level0type=N'SCHEMA',@level0name=N'dbo', @level1type=N'TABLE',@level1name=N'customer', @level2type=N'COLUMN',@level2name=N'companyName'
GO
EXEC sys.sp_addextendedproperty @name=N'Attributes', @value=N'2' , @level0type=N'SCHEMA',@level0name=N'dbo', @level1type=N'TABLE',@level1name=N'customer', @level2type=N'COLUMN',@level2name=N'companyName'
GO
EXEC sys.sp_addextendedproperty @name=N'CollatingOrder', @value=N'1033' , @level0type=N'SCHEMA',@level0name=N'dbo', @level1type=N'TABLE',@level1name=N'customer', @level2type=N'COLUMN',@level2name=N'companyName'
GO
EXEC sys.sp_addextendedproperty @name=N'ColumnHidden', @value=N'False' , @level0type=N'SCHEMA',@level0name=N'dbo', @level1type=N'TABLE',@level1name=N'customer', @level2type=N'COLUMN',@level2name=N'companyName'
GO
EXEC sys.sp_addextendedproperty @name=N'ColumnOrder', @value=N'0' , @level0type=N'SCHEMA',@level0name=N'dbo', @level1type=N'TABLE',@level1name=N'customer', @level2type=N'COLUMN',@level2name=N'companyName'
GO
EXEC sys.sp_addextendedproperty @name=N'ColumnWidth', @value=N'-1' , @level0type=N'SCHEMA',@level0name=N'dbo', @level1type=N'TABLE',@level1name=N'customer', @level2type=N'COLUMN',@level2name=N'companyName'
GO
EXEC sys.sp_addextendedproperty @name=N'DataUpdatable', @value=N'False' , @level0type=N'SCHEMA',@level0name=N'dbo', @level1type=N'TABLE',@level1name=N'customer', @level2type=N'COLUMN',@level2name=N'companyName'
GO
EXEC sys.sp_addextendedproperty @name=N'MS_Caption', @value=N'Company Name' , @level0type=N'SCHEMA',@level0name=N'dbo', @level1type=N'TABLE',@level1name=N'customer', @level2type=N'COLUMN',@level2name=N'companyName'
GO
EXEC sys.sp_addextendedproperty @name=N'MS_Description', @value=N'This is the business name of the customer' , @level0type=N'SCHEMA',@level0name=N'dbo', @level1type=N'TABLE',@level1name=N'customer', @level2type=N'COLUMN',@level2name=N'companyName'
GO
EXEC sys.sp_addextendedproperty @name=N'MS_DisplayControl', @value=N'109' , @level0type=N'SCHEMA',@level0name=N'dbo', @level1type=N'TABLE',@level1name=N'customer', @level2type=N'COLUMN',@level2name=N'companyName'
GO
EXEC sys.sp_addextendedproperty @name=N'MS_IMEMode', @value=N'0' , @level0type=N'SCHEMA',@level0name=N'dbo', @level1type=N'TABLE',@level1name=N'customer', @level2type=N'COLUMN',@level2name=N'companyName'
GO
EXEC sys.sp_addextendedproperty @name=N'MS_IMESentMode', @value=N'3' , @level0type=N'SCHEMA',@level0name=N'dbo', @level1type=N'TABLE',@level1name=N'customer', @level2type=N'COLUMN',@level2name=N'companyName'
GO
EXEC sys.sp_addextendedproperty @name=N'Name', @value=N'companyName' , @level0type=N'SCHEMA',@level0name=N'dbo', @level1type=N'TABLE',@level1name=N'customer', @level2type=N'COLUMN',@level2name=N'companyName'
GO
EXEC sys.sp_addextendedproperty @name=N'OrdinalPosition', @value=N'1' , @level0type=N'SCHEMA',@level0name=N'dbo', @level1type=N'TABLE',@level1name=N'customer', @level2type=N'COLUMN',@level2name=N'companyName'
GO
EXEC sys.sp_addextendedproperty @name=N'Required', @value=N'False' , @level0type=N'SCHEMA',@level0name=N'dbo', @level1type=N'TABLE',@level1name=N'customer', @level2type=N'COLUMN',@level2name=N'companyName'
GO
EXEC sys.sp_addextendedproperty @name=N'Size', @value=N'50' , @level0type=N'SCHEMA',@level0name=N'dbo', @level1type=N'TABLE',@level1name=N'customer', @level2type=N'COLUMN',@level2name=N'companyName'
GO
EXEC sys.sp_addextendedproperty @name=N'SourceField', @value=N'companyName' , @level0type=N'SCHEMA',@level0name=N'dbo', @level1type=N'TABLE',@level1name=N'customer', @level2type=N'COLUMN',@level2name=N'companyName'
GO
EXEC sys.sp_addextendedproperty @name=N'SourceTable', @value=N'customer' , @level0type=N'SCHEMA',@level0name=N'dbo', @level1type=N'TABLE',@level1name=N'customer', @level2type=N'COLUMN',@level2name=N'companyName'
GO
EXEC sys.sp_addextendedproperty @name=N'Type', @value=N'10' , @level0type=N'SCHEMA',@level0name=N'dbo', @level1type=N'TABLE',@level1name=N'customer', @level2type=N'COLUMN',@level2name=N'companyName'
GO
EXEC sys.sp_addextendedproperty @name=N'UnicodeCompression', @value=N'True' , @level0type=N'SCHEMA',@level0name=N'dbo', @level1type=N'TABLE',@level1name=N'customer', @level2type=N'COLUMN',@level2name=N'companyName'
GO
EXEC sys.sp_addextendedproperty @name=N'AllowZeroLength', @value=N'False' , @level0type=N'SCHEMA',@level0name=N'dbo', @level1type=N'TABLE',@level1name=N'customer', @level2type=N'COLUMN',@level2name=N'contactFirstName'
GO
EXEC sys.sp_addextendedproperty @name=N'AppendOnly', @value=N'False' , @level0type=N'SCHEMA',@level0name=N'dbo', @level1type=N'TABLE',@level1name=N'customer', @level2type=N'COLUMN',@level2name=N'contactFirstName'
GO
EXEC sys.sp_addextendedproperty @name=N'Attributes', @value=N'2' , @level0type=N'SCHEMA',@level0name=N'dbo', @level1type=N'TABLE',@level1name=N'customer', @level2type=N'COLUMN',@level2name=N'contactFirstName'
GO
EXEC sys.sp_addextendedproperty @name=N'CollatingOrder', @value=N'1033' , @level0type=N'SCHEMA',@level0name=N'dbo', @level1type=N'TABLE',@level1name=N'customer', @level2type=N'COLUMN',@level2name=N'contactFirstName'
GO
EXEC sys.sp_addextendedproperty @name=N'ColumnHidden', @value=N'False' , @level0type=N'SCHEMA',@level0name=N'dbo', @level1type=N'TABLE',@level1name=N'customer', @level2type=N'COLUMN',@level2name=N'contactFirstName'
GO
EXEC sys.sp_addextendedproperty @name=N'ColumnOrder', @value=N'0' , @level0type=N'SCHEMA',@level0name=N'dbo', @level1type=N'TABLE',@level1name=N'customer', @level2type=N'COLUMN',@level2name=N'contactFirstName'
GO
EXEC sys.sp_addextendedproperty @name=N'ColumnWidth', @value=N'-1' , @level0type=N'SCHEMA',@level0name=N'dbo', @level1type=N'TABLE',@level1name=N'customer', @level2type=N'COLUMN',@level2name=N'contactFirstName'
GO
EXEC sys.sp_addextendedproperty @name=N'DataUpdatable', @value=N'False' , @level0type=N'SCHEMA',@level0name=N'dbo', @level1type=N'TABLE',@level1name=N'customer', @level2type=N'COLUMN',@level2name=N'contactFirstName'
GO
EXEC sys.sp_addextendedproperty @name=N'MS_Caption', @value=N'Contact First Name' , @level0type=N'SCHEMA',@level0name=N'dbo', @level1type=N'TABLE',@level1name=N'customer', @level2type=N'COLUMN',@level2name=N'contactFirstName'
GO
EXEC sys.sp_addextendedproperty @name=N'MS_Description', @value=N'This is the name of our contact person at the company' , @level0type=N'SCHEMA',@level0name=N'dbo', @level1type=N'TABLE',@level1name=N'customer', @level2type=N'COLUMN',@level2name=N'contactFirstName'
GO
EXEC sys.sp_addextendedproperty @name=N'MS_DisplayControl', @value=N'109' , @level0type=N'SCHEMA',@level0name=N'dbo', @level1type=N'TABLE',@level1name=N'customer', @level2type=N'COLUMN',@level2name=N'contactFirstName'
GO
EXEC sys.sp_addextendedproperty @name=N'MS_IMEMode', @value=N'0' , @level0type=N'SCHEMA',@level0name=N'dbo', @level1type=N'TABLE',@level1name=N'customer', @level2type=N'COLUMN',@level2name=N'contactFirstName'
GO
EXEC sys.sp_addextendedproperty @name=N'MS_IMESentMode', @value=N'3' , @level0type=N'SCHEMA',@level0name=N'dbo', @level1type=N'TABLE',@level1name=N'customer', @level2type=N'COLUMN',@level2name=N'contactFirstName'
GO
EXEC sys.sp_addextendedproperty @name=N'Name', @value=N'contactFirstName' , @level0type=N'SCHEMA',@level0name=N'dbo', @level1type=N'TABLE',@level1name=N'customer', @level2type=N'COLUMN',@level2name=N'contactFirstName'
GO
EXEC sys.sp_addextendedproperty @name=N'OrdinalPosition', @value=N'2' , @level0type=N'SCHEMA',@level0name=N'dbo', @level1type=N'TABLE',@level1name=N'customer', @level2type=N'COLUMN',@level2name=N'contactFirstName'
GO
EXEC sys.sp_addextendedproperty @name=N'Required', @value=N'False' , @level0type=N'SCHEMA',@level0name=N'dbo', @level1type=N'TABLE',@level1name=N'customer', @level2type=N'COLUMN',@level2name=N'contactFirstName'
GO
EXEC sys.sp_addextendedproperty @name=N'Size', @value=N'30' , @level0type=N'SCHEMA',@level0name=N'dbo', @level1type=N'TABLE',@level1name=N'customer', @level2type=N'COLUMN',@level2name=N'contactFirstName'
GO
EXEC sys.sp_addextendedproperty @name=N'SourceField', @value=N'contactFirstName' , @level0type=N'SCHEMA',@level0name=N'dbo', @level1type=N'TABLE',@level1name=N'customer', @level2type=N'COLUMN',@level2name=N'contactFirstName'
GO
EXEC sys.sp_addextendedproperty @name=N'SourceTable', @value=N'customer' , @level0type=N'SCHEMA',@level0name=N'dbo', @level1type=N'TABLE',@level1name=N'customer', @level2type=N'COLUMN',@level2name=N'contactFirstName'
GO
EXEC sys.sp_addextendedproperty @name=N'Type', @value=N'10' , @level0type=N'SCHEMA',@level0name=N'dbo', @level1type=N'TABLE',@level1name=N'customer', @level2type=N'COLUMN',@level2name=N'contactFirstName'
GO
EXEC sys.sp_addextendedproperty @name=N'UnicodeCompression', @value=N'True' , @level0type=N'SCHEMA',@level0name=N'dbo', @level1type=N'TABLE',@level1name=N'customer', @level2type=N'COLUMN',@level2name=N'contactFirstName'
GO
EXEC sys.sp_addextendedproperty @name=N'AllowZeroLength', @value=N'False' , @level0type=N'SCHEMA',@level0name=N'dbo', @level1type=N'TABLE',@level1name=N'customer', @level2type=N'COLUMN',@level2name=N'contactLastName'
GO
EXEC sys.sp_addextendedproperty @name=N'AppendOnly', @value=N'False' , @level0type=N'SCHEMA',@level0name=N'dbo', @level1type=N'TABLE',@level1name=N'customer', @level2type=N'COLUMN',@level2name=N'contactLastName'
GO
EXEC sys.sp_addextendedproperty @name=N'Attributes', @value=N'2' , @level0type=N'SCHEMA',@level0name=N'dbo', @level1type=N'TABLE',@level1name=N'customer', @level2type=N'COLUMN',@level2name=N'contactLastName'
GO
EXEC sys.sp_addextendedproperty @name=N'CollatingOrder', @value=N'1033' , @level0type=N'SCHEMA',@level0name=N'dbo', @level1type=N'TABLE',@level1name=N'customer', @level2type=N'COLUMN',@level2name=N'contactLastName'
GO
EXEC sys.sp_addextendedproperty @name=N'ColumnHidden', @value=N'False' , @level0type=N'SCHEMA',@level0name=N'dbo', @level1type=N'TABLE',@level1name=N'customer', @level2type=N'COLUMN',@level2name=N'contactLastName'
GO
EXEC sys.sp_addextendedproperty @name=N'ColumnOrder', @value=N'0' , @level0type=N'SCHEMA',@level0name=N'dbo', @level1type=N'TABLE',@level1name=N'customer', @level2type=N'COLUMN',@level2name=N'contactLastName'
GO
EXEC sys.sp_addextendedproperty @name=N'ColumnWidth', @value=N'-1' , @level0type=N'SCHEMA',@level0name=N'dbo', @level1type=N'TABLE',@level1name=N'customer', @level2type=N'COLUMN',@level2name=N'contactLastName'
GO
EXEC sys.sp_addextendedproperty @name=N'DataUpdatable', @value=N'False' , @level0type=N'SCHEMA',@level0name=N'dbo', @level1type=N'TABLE',@level1name=N'customer', @level2type=N'COLUMN',@level2name=N'contactLastName'
GO
EXEC sys.sp_addextendedproperty @name=N'MS_Caption', @value=N'Contact Last Name' , @level0type=N'SCHEMA',@level0name=N'dbo', @level1type=N'TABLE',@level1name=N'customer', @level2type=N'COLUMN',@level2name=N'contactLastName'
GO
EXEC sys.sp_addextendedproperty @name=N'MS_DisplayControl', @value=N'109' , @level0type=N'SCHEMA',@level0name=N'dbo', @level1type=N'TABLE',@level1name=N'customer', @level2type=N'COLUMN',@level2name=N'contactLastName'
GO
EXEC sys.sp_addextendedproperty @name=N'MS_IMEMode', @value=N'0' , @level0type=N'SCHEMA',@level0name=N'dbo', @level1type=N'TABLE',@level1name=N'customer', @level2type=N'COLUMN',@level2name=N'contactLastName'
GO
EXEC sys.sp_addextendedproperty @name=N'MS_IMESentMode', @value=N'3' , @level0type=N'SCHEMA',@level0name=N'dbo', @level1type=N'TABLE',@level1name=N'customer', @level2type=N'COLUMN',@level2name=N'contactLastName'
GO
EXEC sys.sp_addextendedproperty @name=N'Name', @value=N'contactLastName' , @level0type=N'SCHEMA',@level0name=N'dbo', @level1type=N'TABLE',@level1name=N'customer', @level2type=N'COLUMN',@level2name=N'contactLastName'
GO
EXEC sys.sp_addextendedproperty @name=N'OrdinalPosition', @value=N'3' , @level0type=N'SCHEMA',@level0name=N'dbo', @level1type=N'TABLE',@level1name=N'customer', @level2type=N'COLUMN',@level2name=N'contactLastName'
GO
EXEC sys.sp_addextendedproperty @name=N'Required', @value=N'False' , @level0type=N'SCHEMA',@level0name=N'dbo', @level1type=N'TABLE',@level1name=N'customer', @level2type=N'COLUMN',@level2name=N'contactLastName'
GO
EXEC sys.sp_addextendedproperty @name=N'Size', @value=N'30' , @level0type=N'SCHEMA',@level0name=N'dbo', @level1type=N'TABLE',@level1name=N'customer', @level2type=N'COLUMN',@level2name=N'contactLastName'
GO
EXEC sys.sp_addextendedproperty @name=N'SourceField', @value=N'contactLastName' , @level0type=N'SCHEMA',@level0name=N'dbo', @level1type=N'TABLE',@level1name=N'customer', @level2type=N'COLUMN',@level2name=N'contactLastName'
GO
EXEC sys.sp_addextendedproperty @name=N'SourceTable', @value=N'customer' , @level0type=N'SCHEMA',@level0name=N'dbo', @level1type=N'TABLE',@level1name=N'customer', @level2type=N'COLUMN',@level2name=N'contactLastName'
GO
EXEC sys.sp_addextendedproperty @name=N'Type', @value=N'10' , @level0type=N'SCHEMA',@level0name=N'dbo', @level1type=N'TABLE',@level1name=N'customer', @level2type=N'COLUMN',@level2name=N'contactLastName'
GO
EXEC sys.sp_addextendedproperty @name=N'UnicodeCompression', @value=N'True' , @level0type=N'SCHEMA',@level0name=N'dbo', @level1type=N'TABLE',@level1name=N'customer', @level2type=N'COLUMN',@level2name=N'contactLastName'
GO
EXEC sys.sp_addextendedproperty @name=N'AllowZeroLength', @value=N'False' , @level0type=N'SCHEMA',@level0name=N'dbo', @level1type=N'TABLE',@level1name=N'customer', @level2type=N'COLUMN',@level2name=N'address'
GO
EXEC sys.sp_addextendedproperty @name=N'AppendOnly', @value=N'False' , @level0type=N'SCHEMA',@level0name=N'dbo', @level1type=N'TABLE',@level1name=N'customer', @level2type=N'COLUMN',@level2name=N'address'
GO
EXEC sys.sp_addextendedproperty @name=N'Attributes', @value=N'2' , @level0type=N'SCHEMA',@level0name=N'dbo', @level1type=N'TABLE',@level1name=N'customer', @level2type=N'COLUMN',@level2name=N'address'
GO
EXEC sys.sp_addextendedproperty @name=N'CollatingOrder', @value=N'1033' , @level0type=N'SCHEMA',@level0name=N'dbo', @level1type=N'TABLE',@level1name=N'customer', @level2type=N'COLUMN',@level2name=N'address'
GO
EXEC sys.sp_addextendedproperty @name=N'ColumnHidden', @value=N'False' , @level0type=N'SCHEMA',@level0name=N'dbo', @level1type=N'TABLE',@level1name=N'customer', @level2type=N'COLUMN',@level2name=N'address'
GO
EXEC sys.sp_addextendedproperty @name=N'ColumnOrder', @value=N'0' , @level0type=N'SCHEMA',@level0name=N'dbo', @level1type=N'TABLE',@level1name=N'customer', @level2type=N'COLUMN',@level2name=N'address'
GO
EXEC sys.sp_addextendedproperty @name=N'ColumnWidth', @value=N'-1' , @level0type=N'SCHEMA',@level0name=N'dbo', @level1type=N'TABLE',@level1name=N'customer', @level2type=N'COLUMN',@level2name=N'address'
GO
EXEC sys.sp_addextendedproperty @name=N'DataUpdatable', @value=N'False' , @level0type=N'SCHEMA',@level0name=N'dbo', @level1type=N'TABLE',@level1name=N'customer', @level2type=N'COLUMN',@level2name=N'address'
GO
EXEC sys.sp_addextendedproperty @name=N'MS_Description', @value=N'Enter the number and street' , @level0type=N'SCHEMA',@level0name=N'dbo', @level1type=N'TABLE',@level1name=N'customer', @level2type=N'COLUMN',@level2name=N'address'
GO
EXEC sys.sp_addextendedproperty @name=N'MS_DisplayControl', @value=N'109' , @level0type=N'SCHEMA',@level0name=N'dbo', @level1type=N'TABLE',@level1name=N'customer', @level2type=N'COLUMN',@level2name=N'address'
GO
EXEC sys.sp_addextendedproperty @name=N'MS_IMEMode', @value=N'0' , @level0type=N'SCHEMA',@level0name=N'dbo', @level1type=N'TABLE',@level1name=N'customer', @level2type=N'COLUMN',@level2name=N'address'
GO
EXEC sys.sp_addextendedproperty @name=N'MS_IMESentMode', @value=N'3' , @level0type=N'SCHEMA',@level0name=N'dbo', @level1type=N'TABLE',@level1name=N'customer', @level2type=N'COLUMN',@level2name=N'address'
GO
EXEC sys.sp_addextendedproperty @name=N'Name', @value=N'address' , @level0type=N'SCHEMA',@level0name=N'dbo', @level1type=N'TABLE',@level1name=N'customer', @level2type=N'COLUMN',@level2name=N'address'
GO
EXEC sys.sp_addextendedproperty @name=N'OrdinalPosition', @value=N'4' , @level0type=N'SCHEMA',@level0name=N'dbo', @level1type=N'TABLE',@level1name=N'customer', @level2type=N'COLUMN',@level2name=N'address'
GO
EXEC sys.sp_addextendedproperty @name=N'Required', @value=N'False' , @level0type=N'SCHEMA',@level0name=N'dbo', @level1type=N'TABLE',@level1name=N'customer', @level2type=N'COLUMN',@level2name=N'address'
GO
EXEC sys.sp_addextendedproperty @name=N'Size', @value=N'30' , @level0type=N'SCHEMA',@level0name=N'dbo', @level1type=N'TABLE',@level1name=N'customer', @level2type=N'COLUMN',@level2name=N'address'
GO
EXEC sys.sp_addextendedproperty @name=N'SourceField', @value=N'address' , @level0type=N'SCHEMA',@level0name=N'dbo', @level1type=N'TABLE',@level1name=N'customer', @level2type=N'COLUMN',@level2name=N'address'
GO
EXEC sys.sp_addextendedproperty @name=N'SourceTable', @value=N'customer' , @level0type=N'SCHEMA',@level0name=N'dbo', @level1type=N'TABLE',@level1name=N'customer', @level2type=N'COLUMN',@level2name=N'address'
GO
EXEC sys.sp_addextendedproperty @name=N'Type', @value=N'10' , @level0type=N'SCHEMA',@level0name=N'dbo', @level1type=N'TABLE',@level1name=N'customer', @level2type=N'COLUMN',@level2name=N'address'
GO
EXEC sys.sp_addextendedproperty @name=N'UnicodeCompression', @value=N'True' , @level0type=N'SCHEMA',@level0name=N'dbo', @level1type=N'TABLE',@level1name=N'customer', @level2type=N'COLUMN',@level2name=N'address'
GO
EXEC sys.sp_addextendedproperty @name=N'AllowZeroLength', @value=N'False' , @level0type=N'SCHEMA',@level0name=N'dbo', @level1type=N'TABLE',@level1name=N'customer', @level2type=N'COLUMN',@level2name=N'city'
GO
EXEC sys.sp_addextendedproperty @name=N'AppendOnly', @value=N'False' , @level0type=N'SCHEMA',@level0name=N'dbo', @level1type=N'TABLE',@level1name=N'customer', @level2type=N'COLUMN',@level2name=N'city'
GO
EXEC sys.sp_addextendedproperty @name=N'Attributes', @value=N'2' , @level0type=N'SCHEMA',@level0name=N'dbo', @level1type=N'TABLE',@level1name=N'customer', @level2type=N'COLUMN',@level2name=N'city'
GO
EXEC sys.sp_addextendedproperty @name=N'CollatingOrder', @value=N'1033' , @level0type=N'SCHEMA',@level0name=N'dbo', @level1type=N'TABLE',@level1name=N'customer', @level2type=N'COLUMN',@level2name=N'city'
GO
EXEC sys.sp_addextendedproperty @name=N'ColumnHidden', @value=N'False' , @level0type=N'SCHEMA',@level0name=N'dbo', @level1type=N'TABLE',@level1name=N'customer', @level2type=N'COLUMN',@level2name=N'city'
GO
EXEC sys.sp_addextendedproperty @name=N'ColumnOrder', @value=N'0' , @level0type=N'SCHEMA',@level0name=N'dbo', @level1type=N'TABLE',@level1name=N'customer', @level2type=N'COLUMN',@level2name=N'city'
GO
EXEC sys.sp_addextendedproperty @name=N'ColumnWidth', @value=N'-1' , @level0type=N'SCHEMA',@level0name=N'dbo', @level1type=N'TABLE',@level1name=N'customer', @level2type=N'COLUMN',@level2name=N'city'
GO
EXEC sys.sp_addextendedproperty @name=N'DataUpdatable', @value=N'False' , @level0type=N'SCHEMA',@level0name=N'dbo', @level1type=N'TABLE',@level1name=N'customer', @level2type=N'COLUMN',@level2name=N'city'
GO
EXEC sys.sp_addextendedproperty @name=N'MS_DisplayControl', @value=N'109' , @level0type=N'SCHEMA',@level0name=N'dbo', @level1type=N'TABLE',@level1name=N'customer', @level2type=N'COLUMN',@level2name=N'city'
GO
EXEC sys.sp_addextendedproperty @name=N'MS_IMEMode', @value=N'0' , @level0type=N'SCHEMA',@level0name=N'dbo', @level1type=N'TABLE',@level1name=N'customer', @level2type=N'COLUMN',@level2name=N'city'
GO
EXEC sys.sp_addextendedproperty @name=N'MS_IMESentMode', @value=N'3' , @level0type=N'SCHEMA',@level0name=N'dbo', @level1type=N'TABLE',@level1name=N'customer', @level2type=N'COLUMN',@level2name=N'city'
GO
EXEC sys.sp_addextendedproperty @name=N'Name', @value=N'city' , @level0type=N'SCHEMA',@level0name=N'dbo', @level1type=N'TABLE',@level1name=N'customer', @level2type=N'COLUMN',@level2name=N'city'
GO
EXEC sys.sp_addextendedproperty @name=N'OrdinalPosition', @value=N'5' , @level0type=N'SCHEMA',@level0name=N'dbo', @level1type=N'TABLE',@level1name=N'customer', @level2type=N'COLUMN',@level2name=N'city'
GO
EXEC sys.sp_addextendedproperty @name=N'Required', @value=N'False' , @level0type=N'SCHEMA',@level0name=N'dbo', @level1type=N'TABLE',@level1name=N'customer', @level2type=N'COLUMN',@level2name=N'city'
GO
EXEC sys.sp_addextendedproperty @name=N'Size', @value=N'30' , @level0type=N'SCHEMA',@level0name=N'dbo', @level1type=N'TABLE',@level1name=N'customer', @level2type=N'COLUMN',@level2name=N'city'
GO
EXEC sys.sp_addextendedproperty @name=N'SourceField', @value=N'city' , @level0type=N'SCHEMA',@level0name=N'dbo', @level1type=N'TABLE',@level1name=N'customer', @level2type=N'COLUMN',@level2name=N'city'
GO
EXEC sys.sp_addextendedproperty @name=N'SourceTable', @value=N'customer' , @level0type=N'SCHEMA',@level0name=N'dbo', @level1type=N'TABLE',@level1name=N'customer', @level2type=N'COLUMN',@level2name=N'city'
GO
EXEC sys.sp_addextendedproperty @name=N'Type', @value=N'10' , @level0type=N'SCHEMA',@level0name=N'dbo', @level1type=N'TABLE',@level1name=N'customer', @level2type=N'COLUMN',@level2name=N'city'
GO
EXEC sys.sp_addextendedproperty @name=N'UnicodeCompression', @value=N'True' , @level0type=N'SCHEMA',@level0name=N'dbo', @level1type=N'TABLE',@level1name=N'customer', @level2type=N'COLUMN',@level2name=N'city'
GO
EXEC sys.sp_addextendedproperty @name=N'AllowZeroLength', @value=N'False' , @level0type=N'SCHEMA',@level0name=N'dbo', @level1type=N'TABLE',@level1name=N'customer', @level2type=N'COLUMN',@level2name=N'provinceCode'
GO
EXEC sys.sp_addextendedproperty @name=N'AppendOnly', @value=N'False' , @level0type=N'SCHEMA',@level0name=N'dbo', @level1type=N'TABLE',@level1name=N'customer', @level2type=N'COLUMN',@level2name=N'provinceCode'
GO
EXEC sys.sp_addextendedproperty @name=N'Attributes', @value=N'2' , @level0type=N'SCHEMA',@level0name=N'dbo', @level1type=N'TABLE',@level1name=N'customer', @level2type=N'COLUMN',@level2name=N'provinceCode'
GO
EXEC sys.sp_addextendedproperty @name=N'CollatingOrder', @value=N'1033' , @level0type=N'SCHEMA',@level0name=N'dbo', @level1type=N'TABLE',@level1name=N'customer', @level2type=N'COLUMN',@level2name=N'provinceCode'
GO
EXEC sys.sp_addextendedproperty @name=N'ColumnHidden', @value=N'False' , @level0type=N'SCHEMA',@level0name=N'dbo', @level1type=N'TABLE',@level1name=N'customer', @level2type=N'COLUMN',@level2name=N'provinceCode'
GO
EXEC sys.sp_addextendedproperty @name=N'ColumnOrder', @value=N'0' , @level0type=N'SCHEMA',@level0name=N'dbo', @level1type=N'TABLE',@level1name=N'customer', @level2type=N'COLUMN',@level2name=N'provinceCode'
GO
EXEC sys.sp_addextendedproperty @name=N'ColumnWidth', @value=N'-1' , @level0type=N'SCHEMA',@level0name=N'dbo', @level1type=N'TABLE',@level1name=N'customer', @level2type=N'COLUMN',@level2name=N'provinceCode'
GO
EXEC sys.sp_addextendedproperty @name=N'DataUpdatable', @value=N'False' , @level0type=N'SCHEMA',@level0name=N'dbo', @level1type=N'TABLE',@level1name=N'customer', @level2type=N'COLUMN',@level2name=N'provinceCode'
GO
EXEC sys.sp_addextendedproperty @name=N'MS_BoundColumn', @value=N'1' , @level0type=N'SCHEMA',@level0name=N'dbo', @level1type=N'TABLE',@level1name=N'customer', @level2type=N'COLUMN',@level2name=N'provinceCode'
GO
EXEC sys.sp_addextendedproperty @name=N'MS_Caption', @value=N'Province' , @level0type=N'SCHEMA',@level0name=N'dbo', @level1type=N'TABLE',@level1name=N'customer', @level2type=N'COLUMN',@level2name=N'provinceCode'
GO
EXEC sys.sp_addextendedproperty @name=N'MS_ColumnCount', @value=N'2' , @level0type=N'SCHEMA',@level0name=N'dbo', @level1type=N'TABLE',@level1name=N'customer', @level2type=N'COLUMN',@level2name=N'provinceCode'
GO
EXEC sys.sp_addextendedproperty @name=N'MS_ColumnHeads', @value=N'False' , @level0type=N'SCHEMA',@level0name=N'dbo', @level1type=N'TABLE',@level1name=N'customer', @level2type=N'COLUMN',@level2name=N'provinceCode'
GO
EXEC sys.sp_addextendedproperty @name=N'MS_ColumnWidths', @value=N'0;1440' , @level0type=N'SCHEMA',@level0name=N'dbo', @level1type=N'TABLE',@level1name=N'customer', @level2type=N'COLUMN',@level2name=N'provinceCode'
GO
EXEC sys.sp_addextendedproperty @name=N'MS_DisplayControl', @value=N'111' , @level0type=N'SCHEMA',@level0name=N'dbo', @level1type=N'TABLE',@level1name=N'customer', @level2type=N'COLUMN',@level2name=N'provinceCode'
GO
EXEC sys.sp_addextendedproperty @name=N'MS_IMEMode', @value=N'0' , @level0type=N'SCHEMA',@level0name=N'dbo', @level1type=N'TABLE',@level1name=N'customer', @level2type=N'COLUMN',@level2name=N'provinceCode'
GO
EXEC sys.sp_addextendedproperty @name=N'MS_IMESentMode', @value=N'3' , @level0type=N'SCHEMA',@level0name=N'dbo', @level1type=N'TABLE',@level1name=N'customer', @level2type=N'COLUMN',@level2name=N'provinceCode'
GO
EXEC sys.sp_addextendedproperty @name=N'MS_LimitToList', @value=N'-1' , @level0type=N'SCHEMA',@level0name=N'dbo', @level1type=N'TABLE',@level1name=N'customer', @level2type=N'COLUMN',@level2name=N'provinceCode'
GO
EXEC sys.sp_addextendedproperty @name=N'MS_ListRows', @value=N'8' , @level0type=N'SCHEMA',@level0name=N'dbo', @level1type=N'TABLE',@level1name=N'customer', @level2type=N'COLUMN',@level2name=N'provinceCode'
GO
EXEC sys.sp_addextendedproperty @name=N'MS_ListWidth', @value=N'1440twip' , @level0type=N'SCHEMA',@level0name=N'dbo', @level1type=N'TABLE',@level1name=N'customer', @level2type=N'COLUMN',@level2name=N'provinceCode'
GO
EXEC sys.sp_addextendedproperty @name=N'MS_RowSource', @value=N'SELECT province.provinceCode, province.name
FROM province' , @level0type=N'SCHEMA',@level0name=N'dbo', @level1type=N'TABLE',@level1name=N'customer', @level2type=N'COLUMN',@level2name=N'provinceCode'
GO
EXEC sys.sp_addextendedproperty @name=N'MS_RowSourceType', @value=N'Table/View/StoredProc' , @level0type=N'SCHEMA',@level0name=N'dbo', @level1type=N'TABLE',@level1name=N'customer', @level2type=N'COLUMN',@level2name=N'provinceCode'
GO
EXEC sys.sp_addextendedproperty @name=N'Name', @value=N'provinceCode' , @level0type=N'SCHEMA',@level0name=N'dbo', @level1type=N'TABLE',@level1name=N'customer', @level2type=N'COLUMN',@level2name=N'provinceCode'
GO
EXEC sys.sp_addextendedproperty @name=N'OrdinalPosition', @value=N'6' , @level0type=N'SCHEMA',@level0name=N'dbo', @level1type=N'TABLE',@level1name=N'customer', @level2type=N'COLUMN',@level2name=N'provinceCode'
GO
EXEC sys.sp_addextendedproperty @name=N'Required', @value=N'False' , @level0type=N'SCHEMA',@level0name=N'dbo', @level1type=N'TABLE',@level1name=N'customer', @level2type=N'COLUMN',@level2name=N'provinceCode'
GO
EXEC sys.sp_addextendedproperty @name=N'Size', @value=N'2' , @level0type=N'SCHEMA',@level0name=N'dbo', @level1type=N'TABLE',@level1name=N'customer', @level2type=N'COLUMN',@level2name=N'provinceCode'
GO
EXEC sys.sp_addextendedproperty @name=N'SourceField', @value=N'provinceCode' , @level0type=N'SCHEMA',@level0name=N'dbo', @level1type=N'TABLE',@level1name=N'customer', @level2type=N'COLUMN',@level2name=N'provinceCode'
GO
EXEC sys.sp_addextendedproperty @name=N'SourceTable', @value=N'customer' , @level0type=N'SCHEMA',@level0name=N'dbo', @level1type=N'TABLE',@level1name=N'customer', @level2type=N'COLUMN',@level2name=N'provinceCode'
GO
EXEC sys.sp_addextendedproperty @name=N'Type', @value=N'10' , @level0type=N'SCHEMA',@level0name=N'dbo', @level1type=N'TABLE',@level1name=N'customer', @level2type=N'COLUMN',@level2name=N'provinceCode'
GO
EXEC sys.sp_addextendedproperty @name=N'UnicodeCompression', @value=N'True' , @level0type=N'SCHEMA',@level0name=N'dbo', @level1type=N'TABLE',@level1name=N'customer', @level2type=N'COLUMN',@level2name=N'provinceCode'
GO
EXEC sys.sp_addextendedproperty @name=N'AllowZeroLength', @value=N'False' , @level0type=N'SCHEMA',@level0name=N'dbo', @level1type=N'TABLE',@level1name=N'customer', @level2type=N'COLUMN',@level2name=N'postalCode'
GO
EXEC sys.sp_addextendedproperty @name=N'AppendOnly', @value=N'False' , @level0type=N'SCHEMA',@level0name=N'dbo', @level1type=N'TABLE',@level1name=N'customer', @level2type=N'COLUMN',@level2name=N'postalCode'
GO
EXEC sys.sp_addextendedproperty @name=N'Attributes', @value=N'2' , @level0type=N'SCHEMA',@level0name=N'dbo', @level1type=N'TABLE',@level1name=N'customer', @level2type=N'COLUMN',@level2name=N'postalCode'
GO
EXEC sys.sp_addextendedproperty @name=N'CollatingOrder', @value=N'1033' , @level0type=N'SCHEMA',@level0name=N'dbo', @level1type=N'TABLE',@level1name=N'customer', @level2type=N'COLUMN',@level2name=N'postalCode'
GO
EXEC sys.sp_addextendedproperty @name=N'ColumnHidden', @value=N'False' , @level0type=N'SCHEMA',@level0name=N'dbo', @level1type=N'TABLE',@level1name=N'customer', @level2type=N'COLUMN',@level2name=N'postalCode'
GO
EXEC sys.sp_addextendedproperty @name=N'ColumnOrder', @value=N'0' , @level0type=N'SCHEMA',@level0name=N'dbo', @level1type=N'TABLE',@level1name=N'customer', @level2type=N'COLUMN',@level2name=N'postalCode'
GO
EXEC sys.sp_addextendedproperty @name=N'ColumnWidth', @value=N'-1' , @level0type=N'SCHEMA',@level0name=N'dbo', @level1type=N'TABLE',@level1name=N'customer', @level2type=N'COLUMN',@level2name=N'postalCode'
GO
EXEC sys.sp_addextendedproperty @name=N'DataUpdatable', @value=N'False' , @level0type=N'SCHEMA',@level0name=N'dbo', @level1type=N'TABLE',@level1name=N'customer', @level2type=N'COLUMN',@level2name=N'postalCode'
GO
EXEC sys.sp_addextendedproperty @name=N'MS_BoundColumn', @value=N'1' , @level0type=N'SCHEMA',@level0name=N'dbo', @level1type=N'TABLE',@level1name=N'customer', @level2type=N'COLUMN',@level2name=N'postalCode'
GO
EXEC sys.sp_addextendedproperty @name=N'MS_Caption', @value=N'Postal Code' , @level0type=N'SCHEMA',@level0name=N'dbo', @level1type=N'TABLE',@level1name=N'customer', @level2type=N'COLUMN',@level2name=N'postalCode'
GO
EXEC sys.sp_addextendedproperty @name=N'MS_ColumnCount', @value=N'2' , @level0type=N'SCHEMA',@level0name=N'dbo', @level1type=N'TABLE',@level1name=N'customer', @level2type=N'COLUMN',@level2name=N'postalCode'
GO
EXEC sys.sp_addextendedproperty @name=N'MS_ColumnHeads', @value=N'False' , @level0type=N'SCHEMA',@level0name=N'dbo', @level1type=N'TABLE',@level1name=N'customer', @level2type=N'COLUMN',@level2name=N'postalCode'
GO
EXEC sys.sp_addextendedproperty @name=N'MS_ColumnWidths', @value=N'0;1440' , @level0type=N'SCHEMA',@level0name=N'dbo', @level1type=N'TABLE',@level1name=N'customer', @level2type=N'COLUMN',@level2name=N'postalCode'
GO
EXEC sys.sp_addextendedproperty @name=N'MS_DisplayControl', @value=N'110' , @level0type=N'SCHEMA',@level0name=N'dbo', @level1type=N'TABLE',@level1name=N'customer', @level2type=N'COLUMN',@level2name=N'postalCode'
GO
EXEC sys.sp_addextendedproperty @name=N'MS_IMEMode', @value=N'0' , @level0type=N'SCHEMA',@level0name=N'dbo', @level1type=N'TABLE',@level1name=N'customer', @level2type=N'COLUMN',@level2name=N'postalCode'
GO
EXEC sys.sp_addextendedproperty @name=N'MS_IMESentMode', @value=N'3' , @level0type=N'SCHEMA',@level0name=N'dbo', @level1type=N'TABLE',@level1name=N'customer', @level2type=N'COLUMN',@level2name=N'postalCode'
GO
EXEC sys.sp_addextendedproperty @name=N'MS_InputMask', @value=N'>L0L\ 0L0' , @level0type=N'SCHEMA',@level0name=N'dbo', @level1type=N'TABLE',@level1name=N'customer', @level2type=N'COLUMN',@level2name=N'postalCode'
GO
EXEC sys.sp_addextendedproperty @name=N'MS_RowSourceType', @value=N'Table/View/StoredProc' , @level0type=N'SCHEMA',@level0name=N'dbo', @level1type=N'TABLE',@level1name=N'customer', @level2type=N'COLUMN',@level2name=N'postalCode'
GO
EXEC sys.sp_addextendedproperty @name=N'Name', @value=N'postalCode' , @level0type=N'SCHEMA',@level0name=N'dbo', @level1type=N'TABLE',@level1name=N'customer', @level2type=N'COLUMN',@level2name=N'postalCode'
GO
EXEC sys.sp_addextendedproperty @name=N'OrdinalPosition', @value=N'7' , @level0type=N'SCHEMA',@level0name=N'dbo', @level1type=N'TABLE',@level1name=N'customer', @level2type=N'COLUMN',@level2name=N'postalCode'
GO
EXEC sys.sp_addextendedproperty @name=N'Required', @value=N'False' , @level0type=N'SCHEMA',@level0name=N'dbo', @level1type=N'TABLE',@level1name=N'customer', @level2type=N'COLUMN',@level2name=N'postalCode'
GO
EXEC sys.sp_addextendedproperty @name=N'Size', @value=N'6' , @level0type=N'SCHEMA',@level0name=N'dbo', @level1type=N'TABLE',@level1name=N'customer', @level2type=N'COLUMN',@level2name=N'postalCode'
GO
EXEC sys.sp_addextendedproperty @name=N'SourceField', @value=N'postalCode' , @level0type=N'SCHEMA',@level0name=N'dbo', @level1type=N'TABLE',@level1name=N'customer', @level2type=N'COLUMN',@level2name=N'postalCode'
GO
EXEC sys.sp_addextendedproperty @name=N'SourceTable', @value=N'customer' , @level0type=N'SCHEMA',@level0name=N'dbo', @level1type=N'TABLE',@level1name=N'customer', @level2type=N'COLUMN',@level2name=N'postalCode'
GO
EXEC sys.sp_addextendedproperty @name=N'Type', @value=N'10' , @level0type=N'SCHEMA',@level0name=N'dbo', @level1type=N'TABLE',@level1name=N'customer', @level2type=N'COLUMN',@level2name=N'postalCode'
GO
EXEC sys.sp_addextendedproperty @name=N'UnicodeCompression', @value=N'True' , @level0type=N'SCHEMA',@level0name=N'dbo', @level1type=N'TABLE',@level1name=N'customer', @level2type=N'COLUMN',@level2name=N'postalCode'
GO
EXEC sys.sp_addextendedproperty @name=N'AllowZeroLength', @value=N'False' , @level0type=N'SCHEMA',@level0name=N'dbo', @level1type=N'TABLE',@level1name=N'customer', @level2type=N'COLUMN',@level2name=N'taxExempt'
GO
EXEC sys.sp_addextendedproperty @name=N'AppendOnly', @value=N'False' , @level0type=N'SCHEMA',@level0name=N'dbo', @level1type=N'TABLE',@level1name=N'customer', @level2type=N'COLUMN',@level2name=N'taxExempt'
GO
EXEC sys.sp_addextendedproperty @name=N'Attributes', @value=N'1' , @level0type=N'SCHEMA',@level0name=N'dbo', @level1type=N'TABLE',@level1name=N'customer', @level2type=N'COLUMN',@level2name=N'taxExempt'
GO
EXEC sys.sp_addextendedproperty @name=N'CollatingOrder', @value=N'1033' , @level0type=N'SCHEMA',@level0name=N'dbo', @level1type=N'TABLE',@level1name=N'customer', @level2type=N'COLUMN',@level2name=N'taxExempt'
GO
EXEC sys.sp_addextendedproperty @name=N'ColumnHidden', @value=N'False' , @level0type=N'SCHEMA',@level0name=N'dbo', @level1type=N'TABLE',@level1name=N'customer', @level2type=N'COLUMN',@level2name=N'taxExempt'
GO
EXEC sys.sp_addextendedproperty @name=N'ColumnOrder', @value=N'0' , @level0type=N'SCHEMA',@level0name=N'dbo', @level1type=N'TABLE',@level1name=N'customer', @level2type=N'COLUMN',@level2name=N'taxExempt'
GO
EXEC sys.sp_addextendedproperty @name=N'ColumnWidth', @value=N'-1' , @level0type=N'SCHEMA',@level0name=N'dbo', @level1type=N'TABLE',@level1name=N'customer', @level2type=N'COLUMN',@level2name=N'taxExempt'
GO
EXEC sys.sp_addextendedproperty @name=N'DataUpdatable', @value=N'False' , @level0type=N'SCHEMA',@level0name=N'dbo', @level1type=N'TABLE',@level1name=N'customer', @level2type=N'COLUMN',@level2name=N'taxExempt'
GO
EXEC sys.sp_addextendedproperty @name=N'MS_DisplayControl', @value=N'106' , @level0type=N'SCHEMA',@level0name=N'dbo', @level1type=N'TABLE',@level1name=N'customer', @level2type=N'COLUMN',@level2name=N'taxExempt'
GO
EXEC sys.sp_addextendedproperty @name=N'MS_Format', @value=N'Yes/No' , @level0type=N'SCHEMA',@level0name=N'dbo', @level1type=N'TABLE',@level1name=N'customer', @level2type=N'COLUMN',@level2name=N'taxExempt'
GO
EXEC sys.sp_addextendedproperty @name=N'Name', @value=N'taxExempt' , @level0type=N'SCHEMA',@level0name=N'dbo', @level1type=N'TABLE',@level1name=N'customer', @level2type=N'COLUMN',@level2name=N'taxExempt'
GO
EXEC sys.sp_addextendedproperty @name=N'OrdinalPosition', @value=N'8' , @level0type=N'SCHEMA',@level0name=N'dbo', @level1type=N'TABLE',@level1name=N'customer', @level2type=N'COLUMN',@level2name=N'taxExempt'
GO
EXEC sys.sp_addextendedproperty @name=N'Required', @value=N'True' , @level0type=N'SCHEMA',@level0name=N'dbo', @level1type=N'TABLE',@level1name=N'customer', @level2type=N'COLUMN',@level2name=N'taxExempt'
GO
EXEC sys.sp_addextendedproperty @name=N'Size', @value=N'1' , @level0type=N'SCHEMA',@level0name=N'dbo', @level1type=N'TABLE',@level1name=N'customer', @level2type=N'COLUMN',@level2name=N'taxExempt'
GO
EXEC sys.sp_addextendedproperty @name=N'SourceField', @value=N'taxExempt' , @level0type=N'SCHEMA',@level0name=N'dbo', @level1type=N'TABLE',@level1name=N'customer', @level2type=N'COLUMN',@level2name=N'taxExempt'
GO
EXEC sys.sp_addextendedproperty @name=N'SourceTable', @value=N'customer' , @level0type=N'SCHEMA',@level0name=N'dbo', @level1type=N'TABLE',@level1name=N'customer', @level2type=N'COLUMN',@level2name=N'taxExempt'
GO
EXEC sys.sp_addextendedproperty @name=N'Type', @value=N'1' , @level0type=N'SCHEMA',@level0name=N'dbo', @level1type=N'TABLE',@level1name=N'customer', @level2type=N'COLUMN',@level2name=N'taxExempt'
GO
EXEC sys.sp_addextendedproperty @name=N'AllowZeroLength', @value=N'False' , @level0type=N'SCHEMA',@level0name=N'dbo', @level1type=N'TABLE',@level1name=N'customer', @level2type=N'COLUMN',@level2name=N'category'
GO
EXEC sys.sp_addextendedproperty @name=N'AppendOnly', @value=N'False' , @level0type=N'SCHEMA',@level0name=N'dbo', @level1type=N'TABLE',@level1name=N'customer', @level2type=N'COLUMN',@level2name=N'category'
GO
EXEC sys.sp_addextendedproperty @name=N'Attributes', @value=N'1' , @level0type=N'SCHEMA',@level0name=N'dbo', @level1type=N'TABLE',@level1name=N'customer', @level2type=N'COLUMN',@level2name=N'category'
GO
EXEC sys.sp_addextendedproperty @name=N'CollatingOrder', @value=N'1033' , @level0type=N'SCHEMA',@level0name=N'dbo', @level1type=N'TABLE',@level1name=N'customer', @level2type=N'COLUMN',@level2name=N'category'
GO
EXEC sys.sp_addextendedproperty @name=N'ColumnHidden', @value=N'False' , @level0type=N'SCHEMA',@level0name=N'dbo', @level1type=N'TABLE',@level1name=N'customer', @level2type=N'COLUMN',@level2name=N'category'
GO
EXEC sys.sp_addextendedproperty @name=N'ColumnOrder', @value=N'0' , @level0type=N'SCHEMA',@level0name=N'dbo', @level1type=N'TABLE',@level1name=N'customer', @level2type=N'COLUMN',@level2name=N'category'
GO
EXEC sys.sp_addextendedproperty @name=N'ColumnWidth', @value=N'-1' , @level0type=N'SCHEMA',@level0name=N'dbo', @level1type=N'TABLE',@level1name=N'customer', @level2type=N'COLUMN',@level2name=N'category'
GO
EXEC sys.sp_addextendedproperty @name=N'DataUpdatable', @value=N'False' , @level0type=N'SCHEMA',@level0name=N'dbo', @level1type=N'TABLE',@level1name=N'customer', @level2type=N'COLUMN',@level2name=N'category'
GO
EXEC sys.sp_addextendedproperty @name=N'DefaultValue', @value=N'2' , @level0type=N'SCHEMA',@level0name=N'dbo', @level1type=N'TABLE',@level1name=N'customer', @level2type=N'COLUMN',@level2name=N'category'
GO
EXEC sys.sp_addextendedproperty @name=N'MS_DecimalPlaces', @value=N'255' , @level0type=N'SCHEMA',@level0name=N'dbo', @level1type=N'TABLE',@level1name=N'customer', @level2type=N'COLUMN',@level2name=N'category'
GO
EXEC sys.sp_addextendedproperty @name=N'MS_Description', @value=N'1 for Priority, 2 for Normal, 3 for Budget' , @level0type=N'SCHEMA',@level0name=N'dbo', @level1type=N'TABLE',@level1name=N'customer', @level2type=N'COLUMN',@level2name=N'category'
GO
EXEC sys.sp_addextendedproperty @name=N'MS_DisplayControl', @value=N'109' , @level0type=N'SCHEMA',@level0name=N'dbo', @level1type=N'TABLE',@level1name=N'customer', @level2type=N'COLUMN',@level2name=N'category'
GO
EXEC sys.sp_addextendedproperty @name=N'MS_Format', @value=N'#' , @level0type=N'SCHEMA',@level0name=N'dbo', @level1type=N'TABLE',@level1name=N'customer', @level2type=N'COLUMN',@level2name=N'category'
GO
EXEC sys.sp_addextendedproperty @name=N'MS_InputMask', @value=N'0' , @level0type=N'SCHEMA',@level0name=N'dbo', @level1type=N'TABLE',@level1name=N'customer', @level2type=N'COLUMN',@level2name=N'category'
GO
EXEC sys.sp_addextendedproperty @name=N'Name', @value=N'category' , @level0type=N'SCHEMA',@level0name=N'dbo', @level1type=N'TABLE',@level1name=N'customer', @level2type=N'COLUMN',@level2name=N'category'
GO
EXEC sys.sp_addextendedproperty @name=N'OrdinalPosition', @value=N'9' , @level0type=N'SCHEMA',@level0name=N'dbo', @level1type=N'TABLE',@level1name=N'customer', @level2type=N'COLUMN',@level2name=N'category'
GO
EXEC sys.sp_addextendedproperty @name=N'Required', @value=N'True' , @level0type=N'SCHEMA',@level0name=N'dbo', @level1type=N'TABLE',@level1name=N'customer', @level2type=N'COLUMN',@level2name=N'category'
GO
EXEC sys.sp_addextendedproperty @name=N'Size', @value=N'2' , @level0type=N'SCHEMA',@level0name=N'dbo', @level1type=N'TABLE',@level1name=N'customer', @level2type=N'COLUMN',@level2name=N'category'
GO
EXEC sys.sp_addextendedproperty @name=N'SourceField', @value=N'category' , @level0type=N'SCHEMA',@level0name=N'dbo', @level1type=N'TABLE',@level1name=N'customer', @level2type=N'COLUMN',@level2name=N'category'
GO
EXEC sys.sp_addextendedproperty @name=N'SourceTable', @value=N'customer' , @level0type=N'SCHEMA',@level0name=N'dbo', @level1type=N'TABLE',@level1name=N'customer', @level2type=N'COLUMN',@level2name=N'category'
GO
EXEC sys.sp_addextendedproperty @name=N'Type', @value=N'3' , @level0type=N'SCHEMA',@level0name=N'dbo', @level1type=N'TABLE',@level1name=N'customer', @level2type=N'COLUMN',@level2name=N'category'
GO
EXEC sys.sp_addextendedproperty @name=N'ValidationRule', @value=N'In (1,2,3)' , @level0type=N'SCHEMA',@level0name=N'dbo', @level1type=N'TABLE',@level1name=N'customer', @level2type=N'COLUMN',@level2name=N'category'
GO
EXEC sys.sp_addextendedproperty @name=N'ValidationText', @value=N'1 for Priority, 2 for Normal, 3 for Budget' , @level0type=N'SCHEMA',@level0name=N'dbo', @level1type=N'TABLE',@level1name=N'customer', @level2type=N'COLUMN',@level2name=N'category'
GO
EXEC sys.sp_addextendedproperty @name=N'Attributes', @value=N'0' , @level0type=N'SCHEMA',@level0name=N'dbo', @level1type=N'TABLE',@level1name=N'customer'
GO
EXEC sys.sp_addextendedproperty @name=N'DateCreated', @value=N'19/02/1999 1:42:12 PM' , @level0type=N'SCHEMA',@level0name=N'dbo', @level1type=N'TABLE',@level1name=N'customer'
GO
EXEC sys.sp_addextendedproperty @name=N'LastUpdated', @value=N'18/04/2010 3:09:14 PM' , @level0type=N'SCHEMA',@level0name=N'dbo', @level1type=N'TABLE',@level1name=N'customer'
GO
EXEC sys.sp_addextendedproperty @name=N'MS_DefaultView', @value=N'2' , @level0type=N'SCHEMA',@level0name=N'dbo', @level1type=N'TABLE',@level1name=N'customer'
GO
EXEC sys.sp_addextendedproperty @name=N'MS_OrderByOn', @value=N'False' , @level0type=N'SCHEMA',@level0name=N'dbo', @level1type=N'TABLE',@level1name=N'customer'
GO
EXEC sys.sp_addextendedproperty @name=N'MS_Orientation', @value=N'0' , @level0type=N'SCHEMA',@level0name=N'dbo', @level1type=N'TABLE',@level1name=N'customer'
GO
EXEC sys.sp_addextendedproperty @name=N'Name', @value=N'customer' , @level0type=N'SCHEMA',@level0name=N'dbo', @level1type=N'TABLE',@level1name=N'customer'
GO
EXEC sys.sp_addextendedproperty @name=N'RecordCount', @value=N'4' , @level0type=N'SCHEMA',@level0name=N'dbo', @level1type=N'TABLE',@level1name=N'customer'
GO
EXEC sys.sp_addextendedproperty @name=N'Updatable', @value=N'True' , @level0type=N'SCHEMA',@level0name=N'dbo', @level1type=N'TABLE',@level1name=N'customer'
GO
EXEC sys.sp_addextendedproperty @name=N'MS_ConstraintText', @value=N'You cannot add, change, or delete this record because of the relationship restriction between the tables ''province'' and ''customer''.' , @level0type=N'SCHEMA',@level0name=N'dbo', @level1type=N'TABLE',@level1name=N'customer', @level2type=N'CONSTRAINT',@level2name=N'customer_FK00'
GO
EXEC sys.sp_addextendedproperty @name=N'AllowZeroLength', @value=N'False' , @level0type=N'SCHEMA',@level0name=N'dbo', @level1type=N'TABLE',@level1name=N'province', @level2type=N'COLUMN',@level2name=N'provinceCode'
GO
EXEC sys.sp_addextendedproperty @name=N'AppendOnly', @value=N'False' , @level0type=N'SCHEMA',@level0name=N'dbo', @level1type=N'TABLE',@level1name=N'province', @level2type=N'COLUMN',@level2name=N'provinceCode'
GO
EXEC sys.sp_addextendedproperty @name=N'Attributes', @value=N'2' , @level0type=N'SCHEMA',@level0name=N'dbo', @level1type=N'TABLE',@level1name=N'province', @level2type=N'COLUMN',@level2name=N'provinceCode'
GO
EXEC sys.sp_addextendedproperty @name=N'CollatingOrder', @value=N'1033' , @level0type=N'SCHEMA',@level0name=N'dbo', @level1type=N'TABLE',@level1name=N'province', @level2type=N'COLUMN',@level2name=N'provinceCode'
GO
EXEC sys.sp_addextendedproperty @name=N'ColumnHidden', @value=N'False' , @level0type=N'SCHEMA',@level0name=N'dbo', @level1type=N'TABLE',@level1name=N'province', @level2type=N'COLUMN',@level2name=N'provinceCode'
GO
EXEC sys.sp_addextendedproperty @name=N'ColumnOrder', @value=N'0' , @level0type=N'SCHEMA',@level0name=N'dbo', @level1type=N'TABLE',@level1name=N'province', @level2type=N'COLUMN',@level2name=N'provinceCode'
GO
EXEC sys.sp_addextendedproperty @name=N'ColumnWidth', @value=N'-1' , @level0type=N'SCHEMA',@level0name=N'dbo', @level1type=N'TABLE',@level1name=N'province', @level2type=N'COLUMN',@level2name=N'provinceCode'
GO
EXEC sys.sp_addextendedproperty @name=N'DataUpdatable', @value=N'False' , @level0type=N'SCHEMA',@level0name=N'dbo', @level1type=N'TABLE',@level1name=N'province', @level2type=N'COLUMN',@level2name=N'provinceCode'
GO
EXEC sys.sp_addextendedproperty @name=N'MS_DisplayControl', @value=N'109' , @level0type=N'SCHEMA',@level0name=N'dbo', @level1type=N'TABLE',@level1name=N'province', @level2type=N'COLUMN',@level2name=N'provinceCode'
GO
EXEC sys.sp_addextendedproperty @name=N'MS_IMEMode', @value=N'0' , @level0type=N'SCHEMA',@level0name=N'dbo', @level1type=N'TABLE',@level1name=N'province', @level2type=N'COLUMN',@level2name=N'provinceCode'
GO
EXEC sys.sp_addextendedproperty @name=N'MS_IMESentMode', @value=N'3' , @level0type=N'SCHEMA',@level0name=N'dbo', @level1type=N'TABLE',@level1name=N'province', @level2type=N'COLUMN',@level2name=N'provinceCode'
GO
EXEC sys.sp_addextendedproperty @name=N'MS_InputMask', @value=N'>LL' , @level0type=N'SCHEMA',@level0name=N'dbo', @level1type=N'TABLE',@level1name=N'province', @level2type=N'COLUMN',@level2name=N'provinceCode'
GO
EXEC sys.sp_addextendedproperty @name=N'Name', @value=N'provinceCode' , @level0type=N'SCHEMA',@level0name=N'dbo', @level1type=N'TABLE',@level1name=N'province', @level2type=N'COLUMN',@level2name=N'provinceCode'
GO
EXEC sys.sp_addextendedproperty @name=N'OrdinalPosition', @value=N'0' , @level0type=N'SCHEMA',@level0name=N'dbo', @level1type=N'TABLE',@level1name=N'province', @level2type=N'COLUMN',@level2name=N'provinceCode'
GO
EXEC sys.sp_addextendedproperty @name=N'Required', @value=N'False' , @level0type=N'SCHEMA',@level0name=N'dbo', @level1type=N'TABLE',@level1name=N'province', @level2type=N'COLUMN',@level2name=N'provinceCode'
GO
EXEC sys.sp_addextendedproperty @name=N'Size', @value=N'2' , @level0type=N'SCHEMA',@level0name=N'dbo', @level1type=N'TABLE',@level1name=N'province', @level2type=N'COLUMN',@level2name=N'provinceCode'
GO
EXEC sys.sp_addextendedproperty @name=N'SourceField', @value=N'provinceCode' , @level0type=N'SCHEMA',@level0name=N'dbo', @level1type=N'TABLE',@level1name=N'province', @level2type=N'COLUMN',@level2name=N'provinceCode'
GO
EXEC sys.sp_addextendedproperty @name=N'SourceTable', @value=N'province' , @level0type=N'SCHEMA',@level0name=N'dbo', @level1type=N'TABLE',@level1name=N'province', @level2type=N'COLUMN',@level2name=N'provinceCode'
GO
EXEC sys.sp_addextendedproperty @name=N'Type', @value=N'10' , @level0type=N'SCHEMA',@level0name=N'dbo', @level1type=N'TABLE',@level1name=N'province', @level2type=N'COLUMN',@level2name=N'provinceCode'
GO
EXEC sys.sp_addextendedproperty @name=N'UnicodeCompression', @value=N'False' , @level0type=N'SCHEMA',@level0name=N'dbo', @level1type=N'TABLE',@level1name=N'province', @level2type=N'COLUMN',@level2name=N'provinceCode'
GO
EXEC sys.sp_addextendedproperty @name=N'AllowZeroLength', @value=N'False' , @level0type=N'SCHEMA',@level0name=N'dbo', @level1type=N'TABLE',@level1name=N'province', @level2type=N'COLUMN',@level2name=N'name'
GO
EXEC sys.sp_addextendedproperty @name=N'AppendOnly', @value=N'False' , @level0type=N'SCHEMA',@level0name=N'dbo', @level1type=N'TABLE',@level1name=N'province', @level2type=N'COLUMN',@level2name=N'name'
GO
EXEC sys.sp_addextendedproperty @name=N'Attributes', @value=N'2' , @level0type=N'SCHEMA',@level0name=N'dbo', @level1type=N'TABLE',@level1name=N'province', @level2type=N'COLUMN',@level2name=N'name'
GO
EXEC sys.sp_addextendedproperty @name=N'CollatingOrder', @value=N'1033' , @level0type=N'SCHEMA',@level0name=N'dbo', @level1type=N'TABLE',@level1name=N'province', @level2type=N'COLUMN',@level2name=N'name'
GO
EXEC sys.sp_addextendedproperty @name=N'ColumnHidden', @value=N'False' , @level0type=N'SCHEMA',@level0name=N'dbo', @level1type=N'TABLE',@level1name=N'province', @level2type=N'COLUMN',@level2name=N'name'
GO
EXEC sys.sp_addextendedproperty @name=N'ColumnOrder', @value=N'0' , @level0type=N'SCHEMA',@level0name=N'dbo', @level1type=N'TABLE',@level1name=N'province', @level2type=N'COLUMN',@level2name=N'name'
GO
EXEC sys.sp_addextendedproperty @name=N'ColumnWidth', @value=N'-1' , @level0type=N'SCHEMA',@level0name=N'dbo', @level1type=N'TABLE',@level1name=N'province', @level2type=N'COLUMN',@level2name=N'name'
GO
EXEC sys.sp_addextendedproperty @name=N'DataUpdatable', @value=N'False' , @level0type=N'SCHEMA',@level0name=N'dbo', @level1type=N'TABLE',@level1name=N'province', @level2type=N'COLUMN',@level2name=N'name'
GO
EXEC sys.sp_addextendedproperty @name=N'MS_DisplayControl', @value=N'109' , @level0type=N'SCHEMA',@level0name=N'dbo', @level1type=N'TABLE',@level1name=N'province', @level2type=N'COLUMN',@level2name=N'name'
GO
EXEC sys.sp_addextendedproperty @name=N'MS_IMEMode', @value=N'0' , @level0type=N'SCHEMA',@level0name=N'dbo', @level1type=N'TABLE',@level1name=N'province', @level2type=N'COLUMN',@level2name=N'name'
GO
EXEC sys.sp_addextendedproperty @name=N'MS_IMESentMode', @value=N'3' , @level0type=N'SCHEMA',@level0name=N'dbo', @level1type=N'TABLE',@level1name=N'province', @level2type=N'COLUMN',@level2name=N'name'
GO
EXEC sys.sp_addextendedproperty @name=N'Name', @value=N'name' , @level0type=N'SCHEMA',@level0name=N'dbo', @level1type=N'TABLE',@level1name=N'province', @level2type=N'COLUMN',@level2name=N'name'
GO
EXEC sys.sp_addextendedproperty @name=N'OrdinalPosition', @value=N'1' , @level0type=N'SCHEMA',@level0name=N'dbo', @level1type=N'TABLE',@level1name=N'province', @level2type=N'COLUMN',@level2name=N'name'
GO
EXEC sys.sp_addextendedproperty @name=N'Required', @value=N'True' , @level0type=N'SCHEMA',@level0name=N'dbo', @level1type=N'TABLE',@level1name=N'province', @level2type=N'COLUMN',@level2name=N'name'
GO
EXEC sys.sp_addextendedproperty @name=N'Size', @value=N'20' , @level0type=N'SCHEMA',@level0name=N'dbo', @level1type=N'TABLE',@level1name=N'province', @level2type=N'COLUMN',@level2name=N'name'
GO
EXEC sys.sp_addextendedproperty @name=N'SourceField', @value=N'name' , @level0type=N'SCHEMA',@level0name=N'dbo', @level1type=N'TABLE',@level1name=N'province', @level2type=N'COLUMN',@level2name=N'name'
GO
EXEC sys.sp_addextendedproperty @name=N'SourceTable', @value=N'province' , @level0type=N'SCHEMA',@level0name=N'dbo', @level1type=N'TABLE',@level1name=N'province', @level2type=N'COLUMN',@level2name=N'name'
GO
EXEC sys.sp_addextendedproperty @name=N'Type', @value=N'10' , @level0type=N'SCHEMA',@level0name=N'dbo', @level1type=N'TABLE',@level1name=N'province', @level2type=N'COLUMN',@level2name=N'name'
GO
EXEC sys.sp_addextendedproperty @name=N'UnicodeCompression', @value=N'True' , @level0type=N'SCHEMA',@level0name=N'dbo', @level1type=N'TABLE',@level1name=N'province', @level2type=N'COLUMN',@level2name=N'name'
GO
EXEC sys.sp_addextendedproperty @name=N'AllowZeroLength', @value=N'False' , @level0type=N'SCHEMA',@level0name=N'dbo', @level1type=N'TABLE',@level1name=N'province', @level2type=N'COLUMN',@level2name=N'provincialTax'
GO
EXEC sys.sp_addextendedproperty @name=N'AppendOnly', @value=N'False' , @level0type=N'SCHEMA',@level0name=N'dbo', @level1type=N'TABLE',@level1name=N'province', @level2type=N'COLUMN',@level2name=N'provincialTax'
GO
EXEC sys.sp_addextendedproperty @name=N'Attributes', @value=N'1' , @level0type=N'SCHEMA',@level0name=N'dbo', @level1type=N'TABLE',@level1name=N'province', @level2type=N'COLUMN',@level2name=N'provincialTax'
GO
EXEC sys.sp_addextendedproperty @name=N'CollatingOrder', @value=N'1033' , @level0type=N'SCHEMA',@level0name=N'dbo', @level1type=N'TABLE',@level1name=N'province', @level2type=N'COLUMN',@level2name=N'provincialTax'
GO
EXEC sys.sp_addextendedproperty @name=N'ColumnHidden', @value=N'False' , @level0type=N'SCHEMA',@level0name=N'dbo', @level1type=N'TABLE',@level1name=N'province', @level2type=N'COLUMN',@level2name=N'provincialTax'
GO
EXEC sys.sp_addextendedproperty @name=N'ColumnOrder', @value=N'0' , @level0type=N'SCHEMA',@level0name=N'dbo', @level1type=N'TABLE',@level1name=N'province', @level2type=N'COLUMN',@level2name=N'provincialTax'
GO
EXEC sys.sp_addextendedproperty @name=N'ColumnWidth', @value=N'-1' , @level0type=N'SCHEMA',@level0name=N'dbo', @level1type=N'TABLE',@level1name=N'province', @level2type=N'COLUMN',@level2name=N'provincialTax'
GO
EXEC sys.sp_addextendedproperty @name=N'DataUpdatable', @value=N'False' , @level0type=N'SCHEMA',@level0name=N'dbo', @level1type=N'TABLE',@level1name=N'province', @level2type=N'COLUMN',@level2name=N'provincialTax'
GO
EXEC sys.sp_addextendedproperty @name=N'DefaultValue', @value=N'0' , @level0type=N'SCHEMA',@level0name=N'dbo', @level1type=N'TABLE',@level1name=N'province', @level2type=N'COLUMN',@level2name=N'provincialTax'
GO
EXEC sys.sp_addextendedproperty @name=N'MS_DecimalPlaces', @value=N'255' , @level0type=N'SCHEMA',@level0name=N'dbo', @level1type=N'TABLE',@level1name=N'province', @level2type=N'COLUMN',@level2name=N'provincialTax'
GO
EXEC sys.sp_addextendedproperty @name=N'MS_DisplayControl', @value=N'109' , @level0type=N'SCHEMA',@level0name=N'dbo', @level1type=N'TABLE',@level1name=N'province', @level2type=N'COLUMN',@level2name=N'provincialTax'
GO
EXEC sys.sp_addextendedproperty @name=N'MS_Format', @value=N'Percent' , @level0type=N'SCHEMA',@level0name=N'dbo', @level1type=N'TABLE',@level1name=N'province', @level2type=N'COLUMN',@level2name=N'provincialTax'
GO
EXEC sys.sp_addextendedproperty @name=N'Name', @value=N'provincialTax' , @level0type=N'SCHEMA',@level0name=N'dbo', @level1type=N'TABLE',@level1name=N'province', @level2type=N'COLUMN',@level2name=N'provincialTax'
GO
EXEC sys.sp_addextendedproperty @name=N'OrdinalPosition', @value=N'2' , @level0type=N'SCHEMA',@level0name=N'dbo', @level1type=N'TABLE',@level1name=N'province', @level2type=N'COLUMN',@level2name=N'provincialTax'
GO
EXEC sys.sp_addextendedproperty @name=N'Required', @value=N'False' , @level0type=N'SCHEMA',@level0name=N'dbo', @level1type=N'TABLE',@level1name=N'province', @level2type=N'COLUMN',@level2name=N'provincialTax'
GO
EXEC sys.sp_addextendedproperty @name=N'Size', @value=N'8' , @level0type=N'SCHEMA',@level0name=N'dbo', @level1type=N'TABLE',@level1name=N'province', @level2type=N'COLUMN',@level2name=N'provincialTax'
GO
EXEC sys.sp_addextendedproperty @name=N'SourceField', @value=N'provincialTax' , @level0type=N'SCHEMA',@level0name=N'dbo', @level1type=N'TABLE',@level1name=N'province', @level2type=N'COLUMN',@level2name=N'provincialTax'
GO
EXEC sys.sp_addextendedproperty @name=N'SourceTable', @value=N'province' , @level0type=N'SCHEMA',@level0name=N'dbo', @level1type=N'TABLE',@level1name=N'province', @level2type=N'COLUMN',@level2name=N'provincialTax'
GO
EXEC sys.sp_addextendedproperty @name=N'Type', @value=N'7' , @level0type=N'SCHEMA',@level0name=N'dbo', @level1type=N'TABLE',@level1name=N'province', @level2type=N'COLUMN',@level2name=N'provincialTax'
GO
EXEC sys.sp_addextendedproperty @name=N'ValidationRule', @value=N'<20' , @level0type=N'SCHEMA',@level0name=N'dbo', @level1type=N'TABLE',@level1name=N'province', @level2type=N'COLUMN',@level2name=N'provincialTax'
GO
EXEC sys.sp_addextendedproperty @name=N'Attributes', @value=N'0' , @level0type=N'SCHEMA',@level0name=N'dbo', @level1type=N'TABLE',@level1name=N'province'
GO
EXEC sys.sp_addextendedproperty @name=N'DateCreated', @value=N'13/01/2000 7:31:42 PM' , @level0type=N'SCHEMA',@level0name=N'dbo', @level1type=N'TABLE',@level1name=N'province'
GO
EXEC sys.sp_addextendedproperty @name=N'LastUpdated', @value=N'18/04/2010 3:09:14 PM' , @level0type=N'SCHEMA',@level0name=N'dbo', @level1type=N'TABLE',@level1name=N'province'
GO
EXEC sys.sp_addextendedproperty @name=N'MS_DefaultView', @value=N'2' , @level0type=N'SCHEMA',@level0name=N'dbo', @level1type=N'TABLE',@level1name=N'province'
GO
EXEC sys.sp_addextendedproperty @name=N'MS_Description', @value=N'tblProperties' , @level0type=N'SCHEMA',@level0name=N'dbo', @level1type=N'TABLE',@level1name=N'province'
GO
EXEC sys.sp_addextendedproperty @name=N'MS_OrderByOn', @value=N'False' , @level0type=N'SCHEMA',@level0name=N'dbo', @level1type=N'TABLE',@level1name=N'province'
GO
EXEC sys.sp_addextendedproperty @name=N'MS_Orientation', @value=N'0' , @level0type=N'SCHEMA',@level0name=N'dbo', @level1type=N'TABLE',@level1name=N'province'
GO
EXEC sys.sp_addextendedproperty @name=N'Name', @value=N'province' , @level0type=N'SCHEMA',@level0name=N'dbo', @level1type=N'TABLE',@level1name=N'province'
GO
EXEC sys.sp_addextendedproperty @name=N'RecordCount', @value=N'5' , @level0type=N'SCHEMA',@level0name=N'dbo', @level1type=N'TABLE',@level1name=N'province'
GO
EXEC sys.sp_addextendedproperty @name=N'Updatable', @value=N'True' , @level0type=N'SCHEMA',@level0name=N'dbo', @level1type=N'TABLE',@level1name=N'province'
GO
EXEC sys.sp_addextendedproperty @name=N'AggregateType', @value=N'-1' , @level0type=N'SCHEMA',@level0name=N'dbo', @level1type=N'TABLE',@level1name=N'workSession', @level2type=N'COLUMN',@level2name=N'contractId'
GO
EXEC sys.sp_addextendedproperty @name=N'AllowZeroLength', @value=N'False' , @level0type=N'SCHEMA',@level0name=N'dbo', @level1type=N'TABLE',@level1name=N'workSession', @level2type=N'COLUMN',@level2name=N'contractId'
GO
EXEC sys.sp_addextendedproperty @name=N'AppendOnly', @value=N'False' , @level0type=N'SCHEMA',@level0name=N'dbo', @level1type=N'TABLE',@level1name=N'workSession', @level2type=N'COLUMN',@level2name=N'contractId'
GO
EXEC sys.sp_addextendedproperty @name=N'Attributes', @value=N'1' , @level0type=N'SCHEMA',@level0name=N'dbo', @level1type=N'TABLE',@level1name=N'workSession', @level2type=N'COLUMN',@level2name=N'contractId'
GO
EXEC sys.sp_addextendedproperty @name=N'CollatingOrder', @value=N'1033' , @level0type=N'SCHEMA',@level0name=N'dbo', @level1type=N'TABLE',@level1name=N'workSession', @level2type=N'COLUMN',@level2name=N'contractId'
GO
EXEC sys.sp_addextendedproperty @name=N'ColumnHidden', @value=N'False' , @level0type=N'SCHEMA',@level0name=N'dbo', @level1type=N'TABLE',@level1name=N'workSession', @level2type=N'COLUMN',@level2name=N'contractId'
GO
EXEC sys.sp_addextendedproperty @name=N'ColumnOrder', @value=N'0' , @level0type=N'SCHEMA',@level0name=N'dbo', @level1type=N'TABLE',@level1name=N'workSession', @level2type=N'COLUMN',@level2name=N'contractId'
GO
EXEC sys.sp_addextendedproperty @name=N'ColumnWidth', @value=N'-1' , @level0type=N'SCHEMA',@level0name=N'dbo', @level1type=N'TABLE',@level1name=N'workSession', @level2type=N'COLUMN',@level2name=N'contractId'
GO
EXEC sys.sp_addextendedproperty @name=N'DataUpdatable', @value=N'False' , @level0type=N'SCHEMA',@level0name=N'dbo', @level1type=N'TABLE',@level1name=N'workSession', @level2type=N'COLUMN',@level2name=N'contractId'
GO
EXEC sys.sp_addextendedproperty @name=N'MS_BoundColumn', @value=N'1' , @level0type=N'SCHEMA',@level0name=N'dbo', @level1type=N'TABLE',@level1name=N'workSession', @level2type=N'COLUMN',@level2name=N'contractId'
GO
EXEC sys.sp_addextendedproperty @name=N'MS_ColumnCount', @value=N'2' , @level0type=N'SCHEMA',@level0name=N'dbo', @level1type=N'TABLE',@level1name=N'workSession', @level2type=N'COLUMN',@level2name=N'contractId'
GO
EXEC sys.sp_addextendedproperty @name=N'MS_ColumnHeads', @value=N'False' , @level0type=N'SCHEMA',@level0name=N'dbo', @level1type=N'TABLE',@level1name=N'workSession', @level2type=N'COLUMN',@level2name=N'contractId'
GO
EXEC sys.sp_addextendedproperty @name=N'MS_DecimalPlaces', @value=N'255' , @level0type=N'SCHEMA',@level0name=N'dbo', @level1type=N'TABLE',@level1name=N'workSession', @level2type=N'COLUMN',@level2name=N'contractId'
GO
EXEC sys.sp_addextendedproperty @name=N'MS_Description', @value=N'contract this session of work applies to ... link to customer having work done' , @level0type=N'SCHEMA',@level0name=N'dbo', @level1type=N'TABLE',@level1name=N'workSession', @level2type=N'COLUMN',@level2name=N'contractId'
GO
EXEC sys.sp_addextendedproperty @name=N'MS_DisplayControl', @value=N'109' , @level0type=N'SCHEMA',@level0name=N'dbo', @level1type=N'TABLE',@level1name=N'workSession', @level2type=N'COLUMN',@level2name=N'contractId'
GO
EXEC sys.sp_addextendedproperty @name=N'MS_RowSource', @value=N'contract' , @level0type=N'SCHEMA',@level0name=N'dbo', @level1type=N'TABLE',@level1name=N'workSession', @level2type=N'COLUMN',@level2name=N'contractId'
GO
EXEC sys.sp_addextendedproperty @name=N'MS_RowSourceType', @value=N'Table/View/StoredProc' , @level0type=N'SCHEMA',@level0name=N'dbo', @level1type=N'TABLE',@level1name=N'workSession', @level2type=N'COLUMN',@level2name=N'contractId'
GO
EXEC sys.sp_addextendedproperty @name=N'Name', @value=N'contractId' , @level0type=N'SCHEMA',@level0name=N'dbo', @level1type=N'TABLE',@level1name=N'workSession', @level2type=N'COLUMN',@level2name=N'contractId'
GO
EXEC sys.sp_addextendedproperty @name=N'OrdinalPosition', @value=N'0' , @level0type=N'SCHEMA',@level0name=N'dbo', @level1type=N'TABLE',@level1name=N'workSession', @level2type=N'COLUMN',@level2name=N'contractId'
GO
EXEC sys.sp_addextendedproperty @name=N'Required', @value=N'True' , @level0type=N'SCHEMA',@level0name=N'dbo', @level1type=N'TABLE',@level1name=N'workSession', @level2type=N'COLUMN',@level2name=N'contractId'
GO
EXEC sys.sp_addextendedproperty @name=N'Size', @value=N'4' , @level0type=N'SCHEMA',@level0name=N'dbo', @level1type=N'TABLE',@level1name=N'workSession', @level2type=N'COLUMN',@level2name=N'contractId'
GO
EXEC sys.sp_addextendedproperty @name=N'SourceField', @value=N'contractId' , @level0type=N'SCHEMA',@level0name=N'dbo', @level1type=N'TABLE',@level1name=N'workSession', @level2type=N'COLUMN',@level2name=N'contractId'
GO
EXEC sys.sp_addextendedproperty @name=N'SourceTable', @value=N'workSession' , @level0type=N'SCHEMA',@level0name=N'dbo', @level1type=N'TABLE',@level1name=N'workSession', @level2type=N'COLUMN',@level2name=N'contractId'
GO
EXEC sys.sp_addextendedproperty @name=N'TextAlign', @value=N'0' , @level0type=N'SCHEMA',@level0name=N'dbo', @level1type=N'TABLE',@level1name=N'workSession', @level2type=N'COLUMN',@level2name=N'contractId'
GO
EXEC sys.sp_addextendedproperty @name=N'Type', @value=N'4' , @level0type=N'SCHEMA',@level0name=N'dbo', @level1type=N'TABLE',@level1name=N'workSession', @level2type=N'COLUMN',@level2name=N'contractId'
GO
EXEC sys.sp_addextendedproperty @name=N'AggregateType', @value=N'-1' , @level0type=N'SCHEMA',@level0name=N'dbo', @level1type=N'TABLE',@level1name=N'workSession', @level2type=N'COLUMN',@level2name=N'dateWorked'
GO
EXEC sys.sp_addextendedproperty @name=N'AllowZeroLength', @value=N'False' , @level0type=N'SCHEMA',@level0name=N'dbo', @level1type=N'TABLE',@level1name=N'workSession', @level2type=N'COLUMN',@level2name=N'dateWorked'
GO
EXEC sys.sp_addextendedproperty @name=N'AppendOnly', @value=N'False' , @level0type=N'SCHEMA',@level0name=N'dbo', @level1type=N'TABLE',@level1name=N'workSession', @level2type=N'COLUMN',@level2name=N'dateWorked'
GO
EXEC sys.sp_addextendedproperty @name=N'Attributes', @value=N'1' , @level0type=N'SCHEMA',@level0name=N'dbo', @level1type=N'TABLE',@level1name=N'workSession', @level2type=N'COLUMN',@level2name=N'dateWorked'
GO
EXEC sys.sp_addextendedproperty @name=N'CollatingOrder', @value=N'1033' , @level0type=N'SCHEMA',@level0name=N'dbo', @level1type=N'TABLE',@level1name=N'workSession', @level2type=N'COLUMN',@level2name=N'dateWorked'
GO
EXEC sys.sp_addextendedproperty @name=N'ColumnHidden', @value=N'False' , @level0type=N'SCHEMA',@level0name=N'dbo', @level1type=N'TABLE',@level1name=N'workSession', @level2type=N'COLUMN',@level2name=N'dateWorked'
GO
EXEC sys.sp_addextendedproperty @name=N'ColumnOrder', @value=N'0' , @level0type=N'SCHEMA',@level0name=N'dbo', @level1type=N'TABLE',@level1name=N'workSession', @level2type=N'COLUMN',@level2name=N'dateWorked'
GO
EXEC sys.sp_addextendedproperty @name=N'ColumnWidth', @value=N'-1' , @level0type=N'SCHEMA',@level0name=N'dbo', @level1type=N'TABLE',@level1name=N'workSession', @level2type=N'COLUMN',@level2name=N'dateWorked'
GO
EXEC sys.sp_addextendedproperty @name=N'DataUpdatable', @value=N'False' , @level0type=N'SCHEMA',@level0name=N'dbo', @level1type=N'TABLE',@level1name=N'workSession', @level2type=N'COLUMN',@level2name=N'dateWorked'
GO
EXEC sys.sp_addextendedproperty @name=N'DefaultValue', @value=N'=Date()' , @level0type=N'SCHEMA',@level0name=N'dbo', @level1type=N'TABLE',@level1name=N'workSession', @level2type=N'COLUMN',@level2name=N'dateWorked'
GO
EXEC sys.sp_addextendedproperty @name=N'MS_Description', @value=N'date work was done by consultant' , @level0type=N'SCHEMA',@level0name=N'dbo', @level1type=N'TABLE',@level1name=N'workSession', @level2type=N'COLUMN',@level2name=N'dateWorked'
GO
EXEC sys.sp_addextendedproperty @name=N'MS_Format', @value=N'Short Date' , @level0type=N'SCHEMA',@level0name=N'dbo', @level1type=N'TABLE',@level1name=N'workSession', @level2type=N'COLUMN',@level2name=N'dateWorked'
GO
EXEC sys.sp_addextendedproperty @name=N'MS_IMEMode', @value=N'0' , @level0type=N'SCHEMA',@level0name=N'dbo', @level1type=N'TABLE',@level1name=N'workSession', @level2type=N'COLUMN',@level2name=N'dateWorked'
GO
EXEC sys.sp_addextendedproperty @name=N'MS_IMESentMode', @value=N'3' , @level0type=N'SCHEMA',@level0name=N'dbo', @level1type=N'TABLE',@level1name=N'workSession', @level2type=N'COLUMN',@level2name=N'dateWorked'
GO
EXEC sys.sp_addextendedproperty @name=N'Name', @value=N'dateWorked' , @level0type=N'SCHEMA',@level0name=N'dbo', @level1type=N'TABLE',@level1name=N'workSession', @level2type=N'COLUMN',@level2name=N'dateWorked'
GO
EXEC sys.sp_addextendedproperty @name=N'OrdinalPosition', @value=N'1' , @level0type=N'SCHEMA',@level0name=N'dbo', @level1type=N'TABLE',@level1name=N'workSession', @level2type=N'COLUMN',@level2name=N'dateWorked'
GO
EXEC sys.sp_addextendedproperty @name=N'Required', @value=N'True' , @level0type=N'SCHEMA',@level0name=N'dbo', @level1type=N'TABLE',@level1name=N'workSession', @level2type=N'COLUMN',@level2name=N'dateWorked'
GO
EXEC sys.sp_addextendedproperty @name=N'ShowDatePicker', @value=N'1' , @level0type=N'SCHEMA',@level0name=N'dbo', @level1type=N'TABLE',@level1name=N'workSession', @level2type=N'COLUMN',@level2name=N'dateWorked'
GO
EXEC sys.sp_addextendedproperty @name=N'Size', @value=N'8' , @level0type=N'SCHEMA',@level0name=N'dbo', @level1type=N'TABLE',@level1name=N'workSession', @level2type=N'COLUMN',@level2name=N'dateWorked'
GO
EXEC sys.sp_addextendedproperty @name=N'SourceField', @value=N'dateWorked' , @level0type=N'SCHEMA',@level0name=N'dbo', @level1type=N'TABLE',@level1name=N'workSession', @level2type=N'COLUMN',@level2name=N'dateWorked'
GO
EXEC sys.sp_addextendedproperty @name=N'SourceTable', @value=N'workSession' , @level0type=N'SCHEMA',@level0name=N'dbo', @level1type=N'TABLE',@level1name=N'workSession', @level2type=N'COLUMN',@level2name=N'dateWorked'
GO
EXEC sys.sp_addextendedproperty @name=N'TextAlign', @value=N'0' , @level0type=N'SCHEMA',@level0name=N'dbo', @level1type=N'TABLE',@level1name=N'workSession', @level2type=N'COLUMN',@level2name=N'dateWorked'
GO
EXEC sys.sp_addextendedproperty @name=N'Type', @value=N'8' , @level0type=N'SCHEMA',@level0name=N'dbo', @level1type=N'TABLE',@level1name=N'workSession', @level2type=N'COLUMN',@level2name=N'dateWorked'
GO
EXEC sys.sp_addextendedproperty @name=N'ValidationRule', @value=N'<=Date() And >=Date()-365' , @level0type=N'SCHEMA',@level0name=N'dbo', @level1type=N'TABLE',@level1name=N'workSession', @level2type=N'COLUMN',@level2name=N'dateWorked'
GO
EXEC sys.sp_addextendedproperty @name=N'ValidationText', @value=N'Must be within last 12 months' , @level0type=N'SCHEMA',@level0name=N'dbo', @level1type=N'TABLE',@level1name=N'workSession', @level2type=N'COLUMN',@level2name=N'dateWorked'
GO
EXEC sys.sp_addextendedproperty @name=N'AggregateType', @value=N'-1' , @level0type=N'SCHEMA',@level0name=N'dbo', @level1type=N'TABLE',@level1name=N'workSession', @level2type=N'COLUMN',@level2name=N'consultantId'
GO
EXEC sys.sp_addextendedproperty @name=N'AllowZeroLength', @value=N'False' , @level0type=N'SCHEMA',@level0name=N'dbo', @level1type=N'TABLE',@level1name=N'workSession', @level2type=N'COLUMN',@level2name=N'consultantId'
GO
EXEC sys.sp_addextendedproperty @name=N'AppendOnly', @value=N'False' , @level0type=N'SCHEMA',@level0name=N'dbo', @level1type=N'TABLE',@level1name=N'workSession', @level2type=N'COLUMN',@level2name=N'consultantId'
GO
EXEC sys.sp_addextendedproperty @name=N'Attributes', @value=N'1' , @level0type=N'SCHEMA',@level0name=N'dbo', @level1type=N'TABLE',@level1name=N'workSession', @level2type=N'COLUMN',@level2name=N'consultantId'
GO
EXEC sys.sp_addextendedproperty @name=N'CollatingOrder', @value=N'1033' , @level0type=N'SCHEMA',@level0name=N'dbo', @level1type=N'TABLE',@level1name=N'workSession', @level2type=N'COLUMN',@level2name=N'consultantId'
GO
EXEC sys.sp_addextendedproperty @name=N'ColumnHidden', @value=N'False' , @level0type=N'SCHEMA',@level0name=N'dbo', @level1type=N'TABLE',@level1name=N'workSession', @level2type=N'COLUMN',@level2name=N'consultantId'
GO
EXEC sys.sp_addextendedproperty @name=N'ColumnOrder', @value=N'0' , @level0type=N'SCHEMA',@level0name=N'dbo', @level1type=N'TABLE',@level1name=N'workSession', @level2type=N'COLUMN',@level2name=N'consultantId'
GO
EXEC sys.sp_addextendedproperty @name=N'ColumnWidth', @value=N'-1' , @level0type=N'SCHEMA',@level0name=N'dbo', @level1type=N'TABLE',@level1name=N'workSession', @level2type=N'COLUMN',@level2name=N'consultantId'
GO
EXEC sys.sp_addextendedproperty @name=N'DataUpdatable', @value=N'False' , @level0type=N'SCHEMA',@level0name=N'dbo', @level1type=N'TABLE',@level1name=N'workSession', @level2type=N'COLUMN',@level2name=N'consultantId'
GO
EXEC sys.sp_addextendedproperty @name=N'DefaultValue', @value=N'0' , @level0type=N'SCHEMA',@level0name=N'dbo', @level1type=N'TABLE',@level1name=N'workSession', @level2type=N'COLUMN',@level2name=N'consultantId'
GO
EXEC sys.sp_addextendedproperty @name=N'MS_BoundColumn', @value=N'1' , @level0type=N'SCHEMA',@level0name=N'dbo', @level1type=N'TABLE',@level1name=N'workSession', @level2type=N'COLUMN',@level2name=N'consultantId'
GO
EXEC sys.sp_addextendedproperty @name=N'MS_ColumnCount', @value=N'3' , @level0type=N'SCHEMA',@level0name=N'dbo', @level1type=N'TABLE',@level1name=N'workSession', @level2type=N'COLUMN',@level2name=N'consultantId'
GO
EXEC sys.sp_addextendedproperty @name=N'MS_ColumnHeads', @value=N'False' , @level0type=N'SCHEMA',@level0name=N'dbo', @level1type=N'TABLE',@level1name=N'workSession', @level2type=N'COLUMN',@level2name=N'consultantId'
GO
EXEC sys.sp_addextendedproperty @name=N'MS_ColumnWidths', @value=N'0;1440;1440' , @level0type=N'SCHEMA',@level0name=N'dbo', @level1type=N'TABLE',@level1name=N'workSession', @level2type=N'COLUMN',@level2name=N'consultantId'
GO
EXEC sys.sp_addextendedproperty @name=N'MS_DecimalPlaces', @value=N'255' , @level0type=N'SCHEMA',@level0name=N'dbo', @level1type=N'TABLE',@level1name=N'workSession', @level2type=N'COLUMN',@level2name=N'consultantId'
GO
EXEC sys.sp_addextendedproperty @name=N'MS_Description', @value=N'consultant that did the work' , @level0type=N'SCHEMA',@level0name=N'dbo', @level1type=N'TABLE',@level1name=N'workSession', @level2type=N'COLUMN',@level2name=N'consultantId'
GO
EXEC sys.sp_addextendedproperty @name=N'MS_DisplayControl', @value=N'109' , @level0type=N'SCHEMA',@level0name=N'dbo', @level1type=N'TABLE',@level1name=N'workSession', @level2type=N'COLUMN',@level2name=N'consultantId'
GO
EXEC sys.sp_addextendedproperty @name=N'MS_RowSource', @value=N'consultant' , @level0type=N'SCHEMA',@level0name=N'dbo', @level1type=N'TABLE',@level1name=N'workSession', @level2type=N'COLUMN',@level2name=N'consultantId'
GO
EXEC sys.sp_addextendedproperty @name=N'MS_RowSourceType', @value=N'Table/View/StoredProc' , @level0type=N'SCHEMA',@level0name=N'dbo', @level1type=N'TABLE',@level1name=N'workSession', @level2type=N'COLUMN',@level2name=N'consultantId'
GO
EXEC sys.sp_addextendedproperty @name=N'Name', @value=N'consultantId' , @level0type=N'SCHEMA',@level0name=N'dbo', @level1type=N'TABLE',@level1name=N'workSession', @level2type=N'COLUMN',@level2name=N'consultantId'
GO
EXEC sys.sp_addextendedproperty @name=N'OrdinalPosition', @value=N'2' , @level0type=N'SCHEMA',@level0name=N'dbo', @level1type=N'TABLE',@level1name=N'workSession', @level2type=N'COLUMN',@level2name=N'consultantId'
GO
EXEC sys.sp_addextendedproperty @name=N'Required', @value=N'True' , @level0type=N'SCHEMA',@level0name=N'dbo', @level1type=N'TABLE',@level1name=N'workSession', @level2type=N'COLUMN',@level2name=N'consultantId'
GO
EXEC sys.sp_addextendedproperty @name=N'Size', @value=N'4' , @level0type=N'SCHEMA',@level0name=N'dbo', @level1type=N'TABLE',@level1name=N'workSession', @level2type=N'COLUMN',@level2name=N'consultantId'
GO
EXEC sys.sp_addextendedproperty @name=N'SourceField', @value=N'consultantId' , @level0type=N'SCHEMA',@level0name=N'dbo', @level1type=N'TABLE',@level1name=N'workSession', @level2type=N'COLUMN',@level2name=N'consultantId'
GO
EXEC sys.sp_addextendedproperty @name=N'SourceTable', @value=N'workSession' , @level0type=N'SCHEMA',@level0name=N'dbo', @level1type=N'TABLE',@level1name=N'workSession', @level2type=N'COLUMN',@level2name=N'consultantId'
GO
EXEC sys.sp_addextendedproperty @name=N'TextAlign', @value=N'0' , @level0type=N'SCHEMA',@level0name=N'dbo', @level1type=N'TABLE',@level1name=N'workSession', @level2type=N'COLUMN',@level2name=N'consultantId'
GO
EXEC sys.sp_addextendedproperty @name=N'Type', @value=N'4' , @level0type=N'SCHEMA',@level0name=N'dbo', @level1type=N'TABLE',@level1name=N'workSession', @level2type=N'COLUMN',@level2name=N'consultantId'
GO
EXEC sys.sp_addextendedproperty @name=N'AggregateType', @value=N'-1' , @level0type=N'SCHEMA',@level0name=N'dbo', @level1type=N'TABLE',@level1name=N'workSession', @level2type=N'COLUMN',@level2name=N'hoursWorked'
GO
EXEC sys.sp_addextendedproperty @name=N'AllowZeroLength', @value=N'False' , @level0type=N'SCHEMA',@level0name=N'dbo', @level1type=N'TABLE',@level1name=N'workSession', @level2type=N'COLUMN',@level2name=N'hoursWorked'
GO
EXEC sys.sp_addextendedproperty @name=N'AppendOnly', @value=N'False' , @level0type=N'SCHEMA',@level0name=N'dbo', @level1type=N'TABLE',@level1name=N'workSession', @level2type=N'COLUMN',@level2name=N'hoursWorked'
GO
EXEC sys.sp_addextendedproperty @name=N'Attributes', @value=N'1' , @level0type=N'SCHEMA',@level0name=N'dbo', @level1type=N'TABLE',@level1name=N'workSession', @level2type=N'COLUMN',@level2name=N'hoursWorked'
GO
EXEC sys.sp_addextendedproperty @name=N'CollatingOrder', @value=N'1033' , @level0type=N'SCHEMA',@level0name=N'dbo', @level1type=N'TABLE',@level1name=N'workSession', @level2type=N'COLUMN',@level2name=N'hoursWorked'
GO
EXEC sys.sp_addextendedproperty @name=N'ColumnHidden', @value=N'False' , @level0type=N'SCHEMA',@level0name=N'dbo', @level1type=N'TABLE',@level1name=N'workSession', @level2type=N'COLUMN',@level2name=N'hoursWorked'
GO
EXEC sys.sp_addextendedproperty @name=N'ColumnOrder', @value=N'0' , @level0type=N'SCHEMA',@level0name=N'dbo', @level1type=N'TABLE',@level1name=N'workSession', @level2type=N'COLUMN',@level2name=N'hoursWorked'
GO
EXEC sys.sp_addextendedproperty @name=N'ColumnWidth', @value=N'-1' , @level0type=N'SCHEMA',@level0name=N'dbo', @level1type=N'TABLE',@level1name=N'workSession', @level2type=N'COLUMN',@level2name=N'hoursWorked'
GO
EXEC sys.sp_addextendedproperty @name=N'DataUpdatable', @value=N'False' , @level0type=N'SCHEMA',@level0name=N'dbo', @level1type=N'TABLE',@level1name=N'workSession', @level2type=N'COLUMN',@level2name=N'hoursWorked'
GO
EXEC sys.sp_addextendedproperty @name=N'DefaultValue', @value=N'8' , @level0type=N'SCHEMA',@level0name=N'dbo', @level1type=N'TABLE',@level1name=N'workSession', @level2type=N'COLUMN',@level2name=N'hoursWorked'
GO
EXEC sys.sp_addextendedproperty @name=N'MS_DecimalPlaces', @value=N'255' , @level0type=N'SCHEMA',@level0name=N'dbo', @level1type=N'TABLE',@level1name=N'workSession', @level2type=N'COLUMN',@level2name=N'hoursWorked'
GO
EXEC sys.sp_addextendedproperty @name=N'MS_Description', @value=N'number of billable hours' , @level0type=N'SCHEMA',@level0name=N'dbo', @level1type=N'TABLE',@level1name=N'workSession', @level2type=N'COLUMN',@level2name=N'hoursWorked'
GO
EXEC sys.sp_addextendedproperty @name=N'MS_DisplayControl', @value=N'109' , @level0type=N'SCHEMA',@level0name=N'dbo', @level1type=N'TABLE',@level1name=N'workSession', @level2type=N'COLUMN',@level2name=N'hoursWorked'
GO
EXEC sys.sp_addextendedproperty @name=N'Name', @value=N'hoursWorked' , @level0type=N'SCHEMA',@level0name=N'dbo', @level1type=N'TABLE',@level1name=N'workSession', @level2type=N'COLUMN',@level2name=N'hoursWorked'
GO
EXEC sys.sp_addextendedproperty @name=N'OrdinalPosition', @value=N'3' , @level0type=N'SCHEMA',@level0name=N'dbo', @level1type=N'TABLE',@level1name=N'workSession', @level2type=N'COLUMN',@level2name=N'hoursWorked'
GO
EXEC sys.sp_addextendedproperty @name=N'Required', @value=N'True' , @level0type=N'SCHEMA',@level0name=N'dbo', @level1type=N'TABLE',@level1name=N'workSession', @level2type=N'COLUMN',@level2name=N'hoursWorked'
GO
EXEC sys.sp_addextendedproperty @name=N'Size', @value=N'4' , @level0type=N'SCHEMA',@level0name=N'dbo', @level1type=N'TABLE',@level1name=N'workSession', @level2type=N'COLUMN',@level2name=N'hoursWorked'
GO
EXEC sys.sp_addextendedproperty @name=N'SourceField', @value=N'hoursWorked' , @level0type=N'SCHEMA',@level0name=N'dbo', @level1type=N'TABLE',@level1name=N'workSession', @level2type=N'COLUMN',@level2name=N'hoursWorked'
GO
EXEC sys.sp_addextendedproperty @name=N'SourceTable', @value=N'workSession' , @level0type=N'SCHEMA',@level0name=N'dbo', @level1type=N'TABLE',@level1name=N'workSession', @level2type=N'COLUMN',@level2name=N'hoursWorked'
GO
EXEC sys.sp_addextendedproperty @name=N'TextAlign', @value=N'0' , @level0type=N'SCHEMA',@level0name=N'dbo', @level1type=N'TABLE',@level1name=N'workSession', @level2type=N'COLUMN',@level2name=N'hoursWorked'
GO
EXEC sys.sp_addextendedproperty @name=N'Type', @value=N'6' , @level0type=N'SCHEMA',@level0name=N'dbo', @level1type=N'TABLE',@level1name=N'workSession', @level2type=N'COLUMN',@level2name=N'hoursWorked'
GO
EXEC sys.sp_addextendedproperty @name=N'ValidationRule', @value=N'>=0.5 And <=24' , @level0type=N'SCHEMA',@level0name=N'dbo', @level1type=N'TABLE',@level1name=N'workSession', @level2type=N'COLUMN',@level2name=N'hoursWorked'
GO
EXEC sys.sp_addextendedproperty @name=N'ValidationText', @value=N'Must be between 1/2 hour and 24 hours' , @level0type=N'SCHEMA',@level0name=N'dbo', @level1type=N'TABLE',@level1name=N'workSession', @level2type=N'COLUMN',@level2name=N'hoursWorked'
GO
EXEC sys.sp_addextendedproperty @name=N'AggregateType', @value=N'-1' , @level0type=N'SCHEMA',@level0name=N'dbo', @level1type=N'TABLE',@level1name=N'workSession', @level2type=N'COLUMN',@level2name=N'workDescription'
GO
EXEC sys.sp_addextendedproperty @name=N'AllowZeroLength', @value=N'True' , @level0type=N'SCHEMA',@level0name=N'dbo', @level1type=N'TABLE',@level1name=N'workSession', @level2type=N'COLUMN',@level2name=N'workDescription'
GO
EXEC sys.sp_addextendedproperty @name=N'AppendOnly', @value=N'False' , @level0type=N'SCHEMA',@level0name=N'dbo', @level1type=N'TABLE',@level1name=N'workSession', @level2type=N'COLUMN',@level2name=N'workDescription'
GO
EXEC sys.sp_addextendedproperty @name=N'Attributes', @value=N'2' , @level0type=N'SCHEMA',@level0name=N'dbo', @level1type=N'TABLE',@level1name=N'workSession', @level2type=N'COLUMN',@level2name=N'workDescription'
GO
EXEC sys.sp_addextendedproperty @name=N'CollatingOrder', @value=N'1033' , @level0type=N'SCHEMA',@level0name=N'dbo', @level1type=N'TABLE',@level1name=N'workSession', @level2type=N'COLUMN',@level2name=N'workDescription'
GO
EXEC sys.sp_addextendedproperty @name=N'ColumnHidden', @value=N'False' , @level0type=N'SCHEMA',@level0name=N'dbo', @level1type=N'TABLE',@level1name=N'workSession', @level2type=N'COLUMN',@level2name=N'workDescription'
GO
EXEC sys.sp_addextendedproperty @name=N'ColumnOrder', @value=N'0' , @level0type=N'SCHEMA',@level0name=N'dbo', @level1type=N'TABLE',@level1name=N'workSession', @level2type=N'COLUMN',@level2name=N'workDescription'
GO
EXEC sys.sp_addextendedproperty @name=N'ColumnWidth', @value=N'-1' , @level0type=N'SCHEMA',@level0name=N'dbo', @level1type=N'TABLE',@level1name=N'workSession', @level2type=N'COLUMN',@level2name=N'workDescription'
GO
EXEC sys.sp_addextendedproperty @name=N'DataUpdatable', @value=N'False' , @level0type=N'SCHEMA',@level0name=N'dbo', @level1type=N'TABLE',@level1name=N'workSession', @level2type=N'COLUMN',@level2name=N'workDescription'
GO
EXEC sys.sp_addextendedproperty @name=N'MS_Description', @value=N'freeform text describing the work performed this day' , @level0type=N'SCHEMA',@level0name=N'dbo', @level1type=N'TABLE',@level1name=N'workSession', @level2type=N'COLUMN',@level2name=N'workDescription'
GO
EXEC sys.sp_addextendedproperty @name=N'MS_IMEMode', @value=N'0' , @level0type=N'SCHEMA',@level0name=N'dbo', @level1type=N'TABLE',@level1name=N'workSession', @level2type=N'COLUMN',@level2name=N'workDescription'
GO
EXEC sys.sp_addextendedproperty @name=N'MS_IMESentMode', @value=N'3' , @level0type=N'SCHEMA',@level0name=N'dbo', @level1type=N'TABLE',@level1name=N'workSession', @level2type=N'COLUMN',@level2name=N'workDescription'
GO
EXEC sys.sp_addextendedproperty @name=N'Name', @value=N'workDescription' , @level0type=N'SCHEMA',@level0name=N'dbo', @level1type=N'TABLE',@level1name=N'workSession', @level2type=N'COLUMN',@level2name=N'workDescription'
GO
EXEC sys.sp_addextendedproperty @name=N'OrdinalPosition', @value=N'4' , @level0type=N'SCHEMA',@level0name=N'dbo', @level1type=N'TABLE',@level1name=N'workSession', @level2type=N'COLUMN',@level2name=N'workDescription'
GO
EXEC sys.sp_addextendedproperty @name=N'Required', @value=N'False' , @level0type=N'SCHEMA',@level0name=N'dbo', @level1type=N'TABLE',@level1name=N'workSession', @level2type=N'COLUMN',@level2name=N'workDescription'
GO
EXEC sys.sp_addextendedproperty @name=N'Size', @value=N'0' , @level0type=N'SCHEMA',@level0name=N'dbo', @level1type=N'TABLE',@level1name=N'workSession', @level2type=N'COLUMN',@level2name=N'workDescription'
GO
EXEC sys.sp_addextendedproperty @name=N'SourceField', @value=N'workDescription' , @level0type=N'SCHEMA',@level0name=N'dbo', @level1type=N'TABLE',@level1name=N'workSession', @level2type=N'COLUMN',@level2name=N'workDescription'
GO
EXEC sys.sp_addextendedproperty @name=N'SourceTable', @value=N'workSession' , @level0type=N'SCHEMA',@level0name=N'dbo', @level1type=N'TABLE',@level1name=N'workSession', @level2type=N'COLUMN',@level2name=N'workDescription'
GO
EXEC sys.sp_addextendedproperty @name=N'TextAlign', @value=N'0' , @level0type=N'SCHEMA',@level0name=N'dbo', @level1type=N'TABLE',@level1name=N'workSession', @level2type=N'COLUMN',@level2name=N'workDescription'
GO
EXEC sys.sp_addextendedproperty @name=N'TextFormat', @value=N'0' , @level0type=N'SCHEMA',@level0name=N'dbo', @level1type=N'TABLE',@level1name=N'workSession', @level2type=N'COLUMN',@level2name=N'workDescription'
GO
EXEC sys.sp_addextendedproperty @name=N'Type', @value=N'12' , @level0type=N'SCHEMA',@level0name=N'dbo', @level1type=N'TABLE',@level1name=N'workSession', @level2type=N'COLUMN',@level2name=N'workDescription'
GO
EXEC sys.sp_addextendedproperty @name=N'UnicodeCompression', @value=N'True' , @level0type=N'SCHEMA',@level0name=N'dbo', @level1type=N'TABLE',@level1name=N'workSession', @level2type=N'COLUMN',@level2name=N'workDescription'
GO
EXEC sys.sp_addextendedproperty @name=N'AggregateType', @value=N'-1' , @level0type=N'SCHEMA',@level0name=N'dbo', @level1type=N'TABLE',@level1name=N'workSession', @level2type=N'COLUMN',@level2name=N'hourlyRate'
GO
EXEC sys.sp_addextendedproperty @name=N'AllowZeroLength', @value=N'False' , @level0type=N'SCHEMA',@level0name=N'dbo', @level1type=N'TABLE',@level1name=N'workSession', @level2type=N'COLUMN',@level2name=N'hourlyRate'
GO
EXEC sys.sp_addextendedproperty @name=N'AppendOnly', @value=N'False' , @level0type=N'SCHEMA',@level0name=N'dbo', @level1type=N'TABLE',@level1name=N'workSession', @level2type=N'COLUMN',@level2name=N'hourlyRate'
GO
EXEC sys.sp_addextendedproperty @name=N'Attributes', @value=N'1' , @level0type=N'SCHEMA',@level0name=N'dbo', @level1type=N'TABLE',@level1name=N'workSession', @level2type=N'COLUMN',@level2name=N'hourlyRate'
GO
EXEC sys.sp_addextendedproperty @name=N'CollatingOrder', @value=N'1033' , @level0type=N'SCHEMA',@level0name=N'dbo', @level1type=N'TABLE',@level1name=N'workSession', @level2type=N'COLUMN',@level2name=N'hourlyRate'
GO
EXEC sys.sp_addextendedproperty @name=N'ColumnHidden', @value=N'False' , @level0type=N'SCHEMA',@level0name=N'dbo', @level1type=N'TABLE',@level1name=N'workSession', @level2type=N'COLUMN',@level2name=N'hourlyRate'
GO
EXEC sys.sp_addextendedproperty @name=N'ColumnOrder', @value=N'0' , @level0type=N'SCHEMA',@level0name=N'dbo', @level1type=N'TABLE',@level1name=N'workSession', @level2type=N'COLUMN',@level2name=N'hourlyRate'
GO
EXEC sys.sp_addextendedproperty @name=N'ColumnWidth', @value=N'-1' , @level0type=N'SCHEMA',@level0name=N'dbo', @level1type=N'TABLE',@level1name=N'workSession', @level2type=N'COLUMN',@level2name=N'hourlyRate'
GO
EXEC sys.sp_addextendedproperty @name=N'DataUpdatable', @value=N'False' , @level0type=N'SCHEMA',@level0name=N'dbo', @level1type=N'TABLE',@level1name=N'workSession', @level2type=N'COLUMN',@level2name=N'hourlyRate'
GO
EXEC sys.sp_addextendedproperty @name=N'MS_DecimalPlaces', @value=N'255' , @level0type=N'SCHEMA',@level0name=N'dbo', @level1type=N'TABLE',@level1name=N'workSession', @level2type=N'COLUMN',@level2name=N'hourlyRate'
GO
EXEC sys.sp_addextendedproperty @name=N'MS_Description', @value=N'initially consultant charge rate, can vary' , @level0type=N'SCHEMA',@level0name=N'dbo', @level1type=N'TABLE',@level1name=N'workSession', @level2type=N'COLUMN',@level2name=N'hourlyRate'
GO
EXEC sys.sp_addextendedproperty @name=N'MS_DisplayControl', @value=N'109' , @level0type=N'SCHEMA',@level0name=N'dbo', @level1type=N'TABLE',@level1name=N'workSession', @level2type=N'COLUMN',@level2name=N'hourlyRate'
GO
EXEC sys.sp_addextendedproperty @name=N'Name', @value=N'rateCharged' , @level0type=N'SCHEMA',@level0name=N'dbo', @level1type=N'TABLE',@level1name=N'workSession', @level2type=N'COLUMN',@level2name=N'hourlyRate'
GO
EXEC sys.sp_addextendedproperty @name=N'OrdinalPosition', @value=N'5' , @level0type=N'SCHEMA',@level0name=N'dbo', @level1type=N'TABLE',@level1name=N'workSession', @level2type=N'COLUMN',@level2name=N'hourlyRate'
GO
EXEC sys.sp_addextendedproperty @name=N'Required', @value=N'False' , @level0type=N'SCHEMA',@level0name=N'dbo', @level1type=N'TABLE',@level1name=N'workSession', @level2type=N'COLUMN',@level2name=N'hourlyRate'
GO
EXEC sys.sp_addextendedproperty @name=N'Size', @value=N'8' , @level0type=N'SCHEMA',@level0name=N'dbo', @level1type=N'TABLE',@level1name=N'workSession', @level2type=N'COLUMN',@level2name=N'hourlyRate'
GO
EXEC sys.sp_addextendedproperty @name=N'SourceField', @value=N'rateCharged' , @level0type=N'SCHEMA',@level0name=N'dbo', @level1type=N'TABLE',@level1name=N'workSession', @level2type=N'COLUMN',@level2name=N'hourlyRate'
GO
EXEC sys.sp_addextendedproperty @name=N'SourceTable', @value=N'workSession' , @level0type=N'SCHEMA',@level0name=N'dbo', @level1type=N'TABLE',@level1name=N'workSession', @level2type=N'COLUMN',@level2name=N'hourlyRate'
GO
EXEC sys.sp_addextendedproperty @name=N'TextAlign', @value=N'0' , @level0type=N'SCHEMA',@level0name=N'dbo', @level1type=N'TABLE',@level1name=N'workSession', @level2type=N'COLUMN',@level2name=N'hourlyRate'
GO
EXEC sys.sp_addextendedproperty @name=N'Type', @value=N'7' , @level0type=N'SCHEMA',@level0name=N'dbo', @level1type=N'TABLE',@level1name=N'workSession', @level2type=N'COLUMN',@level2name=N'hourlyRate'
GO
EXEC sys.sp_addextendedproperty @name=N'Attributes', @value=N'0' , @level0type=N'SCHEMA',@level0name=N'dbo', @level1type=N'TABLE',@level1name=N'workSession'
GO
EXEC sys.sp_addextendedproperty @name=N'DateCreated', @value=N'13/01/2000 7:15:34 PM' , @level0type=N'SCHEMA',@level0name=N'dbo', @level1type=N'TABLE',@level1name=N'workSession'
GO
EXEC sys.sp_addextendedproperty @name=N'DisplayViewsOnSharePointSite', @value=N'1' , @level0type=N'SCHEMA',@level0name=N'dbo', @level1type=N'TABLE',@level1name=N'workSession'
GO
EXEC sys.sp_addextendedproperty @name=N'FilterOnLoad', @value=N'False' , @level0type=N'SCHEMA',@level0name=N'dbo', @level1type=N'TABLE',@level1name=N'workSession'
GO
EXEC sys.sp_addextendedproperty @name=N'HideNewField', @value=N'False' , @level0type=N'SCHEMA',@level0name=N'dbo', @level1type=N'TABLE',@level1name=N'workSession'
GO
EXEC sys.sp_addextendedproperty @name=N'LastUpdated', @value=N'18/04/2010 3:13:34 PM' , @level0type=N'SCHEMA',@level0name=N'dbo', @level1type=N'TABLE',@level1name=N'workSession'
GO
EXEC sys.sp_addextendedproperty @name=N'MS_DefaultView', @value=N'2' , @level0type=N'SCHEMA',@level0name=N'dbo', @level1type=N'TABLE',@level1name=N'workSession'
GO
EXEC sys.sp_addextendedproperty @name=N'MS_OrderByOn', @value=N'False' , @level0type=N'SCHEMA',@level0name=N'dbo', @level1type=N'TABLE',@level1name=N'workSession'
GO
EXEC sys.sp_addextendedproperty @name=N'MS_Orientation', @value=N'0' , @level0type=N'SCHEMA',@level0name=N'dbo', @level1type=N'TABLE',@level1name=N'workSession'
GO
EXEC sys.sp_addextendedproperty @name=N'Name', @value=N'workSession' , @level0type=N'SCHEMA',@level0name=N'dbo', @level1type=N'TABLE',@level1name=N'workSession'
GO
EXEC sys.sp_addextendedproperty @name=N'OrderByOnLoad', @value=N'True' , @level0type=N'SCHEMA',@level0name=N'dbo', @level1type=N'TABLE',@level1name=N'workSession'
GO
EXEC sys.sp_addextendedproperty @name=N'RecordCount', @value=N'7' , @level0type=N'SCHEMA',@level0name=N'dbo', @level1type=N'TABLE',@level1name=N'workSession'
GO
EXEC sys.sp_addextendedproperty @name=N'TotalsRow', @value=N'False' , @level0type=N'SCHEMA',@level0name=N'dbo', @level1type=N'TABLE',@level1name=N'workSession'
GO
EXEC sys.sp_addextendedproperty @name=N'Updatable', @value=N'True' , @level0type=N'SCHEMA',@level0name=N'dbo', @level1type=N'TABLE',@level1name=N'workSession'
GO
EXEC sys.sp_addextendedproperty @name=N'MS_ConstraintText', @value=N'You cannot add, change, or delete this record because of the relationship restriction between the tables ''contract'' and ''workSession''.' , @level0type=N'SCHEMA',@level0name=N'dbo', @level1type=N'TABLE',@level1name=N'workSession', @level2type=N'CONSTRAINT',@level2name=N'workSession_FK01'
GO
USE [master]
GO
ALTER DATABASE [Consulting] SET  READ_WRITE 
GO
